1998441597,DateTime,03-27-2016  16:34:57.
1998441597,Input file,../../data/bipartite/bi_full_1024_1_100_uni_1.gr
1998441597,Algorithm,Modified Lemon CostScaling
1998441597,Type,FullBipartite
1998441597,Distribution,Uniform
1998441597,MinCost,1
1998441597,MaxCost,100
1998441597,Edges,262144
1998441597,Nodes,1024
1998441597,Total time,0.662362
1998441597,Total time error,0.016698
1998441597,Total cost,516
1998441597,Total execution time,2.96226
1998441597,Total execution time error,0
232344208,DateTime,03-27-2016  16:35:00.
232344208,Input file,../../data/bipartite/bi_full_1024_1_100_uni_1.gr
232344208,Algorithm,Lemon CostScaling
232344208,Type,FullBipartite
232344208,Distribution,Uniform
232344208,MinCost,1
232344208,MaxCost,100
232344208,Edges,262144
232344208,Nodes,1024
232344208,Total time,0.553166
232344208,Total time error,0.00237365
232344208,Total cost,516
232344208,Total execution time,2.61186
232344208,Total execution time error,0
579206434,DateTime,03-27-2016  16:35:03.
579206434,Input file,../../data/bipartite/bi_full_1024_1_100_uni_1.gr
579206434,Algorithm,Simplified CostScaling
579206434,Type,FullBipartite
579206434,Distribution,Uniform
579206434,MinCost,1
579206434,MaxCost,100
579206434,Edges,262144
579206434,Nodes,1024
579206434,Total time,3.17127
579206434,Total time error,0.00158141
579206434,Total cost,516
579206434,Total execution time,9.67578
579206434,Total execution time error,0
74297835,DateTime,03-27-2016  16:35:13.
74297835,Input file,../../data/bipartite/bi_full_1024_1_100_uni_2.gr
74297835,Algorithm,Modified Lemon CostScaling
74297835,Type,FullBipartite
74297835,Distribution,Uniform
74297835,MinCost,1
74297835,MaxCost,100
74297835,Edges,262144
74297835,Nodes,1024
74297835,Total time,0.610983
74297835,Total time error,0.00168139
74297835,Total cost,515
74297835,Total execution time,2.83473
74297835,Total execution time error,0
871616296,DateTime,03-27-2016  16:35:15.
871616296,Input file,../../data/bipartite/bi_full_1024_1_100_uni_2.gr
871616296,Algorithm,Lemon CostScaling
871616296,Type,FullBipartite
871616296,Distribution,Uniform
871616296,MinCost,1
871616296,MaxCost,100
871616296,Edges,262144
871616296,Nodes,1024
871616296,Total time,0.46828
871616296,Total time error,0.00243862
871616296,Total cost,515
871616296,Total execution time,2.36737
871616296,Total execution time error,0
1507441452,DateTime,03-27-2016  16:35:18.
1507441452,Input file,../../data/bipartite/bi_full_1024_1_100_uni_2.gr
1507441452,Algorithm,Simplified CostScaling
1507441452,Type,FullBipartite
1507441452,Distribution,Uniform
1507441452,MinCost,1
1507441452,MaxCost,100
1507441452,Edges,262144
1507441452,Nodes,1024
1507441452,Total time,2.66264
1507441452,Total time error,0.00275944
1507441452,Total cost,515
1507441452,Total execution time,8.14832
1507441452,Total execution time error,0
1995240692,DateTime,03-27-2016  16:35:26.
1995240692,Input file,../../data/bipartite/bi_full_1024_1_100_uni_3.gr
1995240692,Algorithm,Modified Lemon CostScaling
1995240692,Type,FullBipartite
1995240692,Distribution,Uniform
1995240692,MinCost,1
1995240692,MaxCost,100
1995240692,Edges,262144
1995240692,Nodes,1024
1995240692,Total time,0.661609
1995240692,Total time error,0.00419512
1995240692,Total cost,518
1995240692,Total execution time,2.98178
1995240692,Total execution time error,0
876802002,DateTime,03-27-2016  16:35:29.
876802002,Input file,../../data/bipartite/bi_full_1024_1_100_uni_3.gr
876802002,Algorithm,Lemon CostScaling
876802002,Type,FullBipartite
876802002,Distribution,Uniform
876802002,MinCost,1
876802002,MaxCost,100
876802002,Edges,262144
876802002,Nodes,1024
876802002,Total time,0.530392
876802002,Total time error,0.00447884
876802002,Total cost,518
876802002,Total execution time,2.546
876802002,Total execution time error,0
1366537737,DateTime,03-27-2016  16:35:32.
1366537737,Input file,../../data/bipartite/bi_full_1024_1_100_uni_3.gr
1366537737,Algorithm,Simplified CostScaling
1366537737,Type,FullBipartite
1366537737,Distribution,Uniform
1366537737,MinCost,1
1366537737,MaxCost,100
1366537737,Edges,262144
1366537737,Nodes,1024
1366537737,Total time,2.70918
1366537737,Total time error,0.00325838
1366537737,Total cost,518
1366537737,Total execution time,8.28392
1366537737,Total execution time error,0
361823903,DateTime,03-27-2016  16:35:40.
361823903,Input file,../../data/bipartite/bi_full_1024_1_exp_1.gr
361823903,Algorithm,Modified Lemon CostScaling
361823903,Type,FullBipartite
361823903,Distribution,Exponential
361823903,Lambda,1
361823903,Edges,262144
361823903,Nodes,1024
361823903,Total time,0.74283
361823903,Total time error,0.00551952
361823903,Total cost,10
361823903,Total execution time,3.20989
361823903,Total execution time error,0
625401204,DateTime,03-27-2016  16:35:43.
625401204,Input file,../../data/bipartite/bi_full_1024_1_exp_1.gr
625401204,Algorithm,Lemon CostScaling
625401204,Type,FullBipartite
625401204,Distribution,Exponential
625401204,Lambda,1
625401204,Edges,262144
625401204,Nodes,1024
625401204,Total time,0.535044
625401204,Total time error,0.00255586
625401204,Total cost,10
625401204,Total execution time,2.56766
625401204,Total execution time error,0
1942113861,DateTime,03-27-2016  16:35:46.
1942113861,Input file,../../data/bipartite/bi_full_1024_1_exp_1.gr
1942113861,Algorithm,Simplified CostScaling
1942113861,Type,FullBipartite
1942113861,Distribution,Exponential
1942113861,Lambda,1
1942113861,Edges,262144
1942113861,Nodes,1024
1942113861,Total time,3.1824
1942113861,Total time error,0.00452942
1942113861,Total cost,10
1942113861,Total execution time,9.70958
1942113861,Total execution time error,0
1811885040,DateTime,03-27-2016  16:35:55.
1811885040,Input file,../../data/bipartite/bi_full_1024_1_exp_2.gr
1811885040,Algorithm,Modified Lemon CostScaling
1811885040,Type,FullBipartite
1811885040,Distribution,Exponential
1811885040,Lambda,1
1811885040,Edges,262144
1811885040,Nodes,1024
1811885040,Total time,0.78987
1811885040,Total time error,0.00180216
1811885040,Total cost,9
1811885040,Total execution time,3.3405
1811885040,Total execution time error,0
2116299490,DateTime,03-27-2016  16:35:59.
2116299490,Input file,../../data/bipartite/bi_full_1024_1_exp_2.gr
2116299490,Algorithm,Lemon CostScaling
2116299490,Type,FullBipartite
2116299490,Distribution,Exponential
2116299490,Lambda,1
2116299490,Edges,262144
2116299490,Nodes,1024
2116299490,Total time,0.579498
2116299490,Total time error,0.00161796
2116299490,Total cost,9
2116299490,Total execution time,2.695
2116299490,Total execution time error,0
700165314,DateTime,03-27-2016  16:36:01.
700165314,Input file,../../data/bipartite/bi_full_1024_1_exp_2.gr
700165314,Algorithm,Simplified CostScaling
700165314,Type,FullBipartite
700165314,Distribution,Exponential
700165314,Lambda,1
700165314,Edges,262144
700165314,Nodes,1024
700165314,Total time,2.69803
700165314,Total time error,0.0125873
700165314,Total cost,9
700165314,Total execution time,8.25603
700165314,Total execution time error,0
404880051,DateTime,03-27-2016  16:36:10.
404880051,Input file,../../data/bipartite/bi_full_1024_1_exp_3.gr
404880051,Algorithm,Modified Lemon CostScaling
404880051,Type,FullBipartite
404880051,Distribution,Exponential
404880051,Lambda,1
404880051,Edges,262144
404880051,Nodes,1024
404880051,Total time,0.682306
404880051,Total time error,0.000668635
404880051,Total cost,6
404880051,Total execution time,3.0157
404880051,Total execution time error,0
455128547,DateTime,03-27-2016  16:36:13.
455128547,Input file,../../data/bipartite/bi_full_1024_1_exp_3.gr
455128547,Algorithm,Lemon CostScaling
455128547,Type,FullBipartite
455128547,Distribution,Exponential
455128547,Lambda,1
455128547,Edges,262144
455128547,Nodes,1024
455128547,Total time,0.556167
455128547,Total time error,0.00257196
455128547,Total cost,6
455128547,Total execution time,2.62922
455128547,Total execution time error,0
1026562628,DateTime,03-27-2016  16:36:15.
1026562628,Input file,../../data/bipartite/bi_full_1024_1_exp_3.gr
1026562628,Algorithm,Simplified CostScaling
1026562628,Type,FullBipartite
1026562628,Distribution,Exponential
1026562628,Lambda,1
1026562628,Edges,262144
1026562628,Nodes,1024
1026562628,Total time,3.34586
1026562628,Total time error,0.00362972
1026562628,Total cost,6
1026562628,Total execution time,10.2012
1026562628,Total execution time error,0
816056486,DateTime,03-27-2016  16:36:25.
816056486,Input file,../../data/bipartite/bi_full_1024_30_10_gauss_1.gr
816056486,Algorithm,Modified Lemon CostScaling
816056486,Type,FullBipartite
816056486,Distribution,Gaussian
816056486,Mean,30
816056486,Std,10
816056486,Edges,262144
816056486,Nodes,1024
816056486,Total time,0.520854
816056486,Total time error,0.00204277
816056486,Total cost,1169
816056486,Total execution time,2.53232
816056486,Total execution time error,0
1264984779,DateTime,03-27-2016  16:36:28.
1264984779,Input file,../../data/bipartite/bi_full_1024_30_10_gauss_1.gr
1264984779,Algorithm,Lemon CostScaling
1264984779,Type,FullBipartite
1264984779,Distribution,Gaussian
1264984779,Mean,30
1264984779,Std,10
1264984779,Edges,262144
1264984779,Nodes,1024
1264984779,Total time,0.555735
1264984779,Total time error,0.00181807
1264984779,Total cost,1169
1264984779,Total execution time,2.61745
1264984779,Total execution time error,0
1484813492,DateTime,03-27-2016  16:36:31.
1484813492,Input file,../../data/bipartite/bi_full_1024_30_10_gauss_1.gr
1484813492,Algorithm,Simplified CostScaling
1484813492,Type,FullBipartite
1484813492,Distribution,Gaussian
1484813492,Mean,30
1484813492,Std,10
1484813492,Edges,262144
1484813492,Nodes,1024
1484813492,Total time,1.10824
1484813492,Total time error,0.000701884
1484813492,Total cost,1169
1484813492,Total execution time,3.48798
1484813492,Total execution time error,0
633793926,DateTime,03-27-2016  16:36:34.
633793926,Input file,../../data/bipartite/bi_full_1024_30_10_gauss_2.gr
633793926,Algorithm,Modified Lemon CostScaling
633793926,Type,FullBipartite
633793926,Distribution,Gaussian
633793926,Mean,30
633793926,Std,10
633793926,Edges,262144
633793926,Nodes,1024
633793926,Total time,0.402266
633793926,Total time error,0.00189122
633793926,Total cost,1120
633793926,Total execution time,2.17757
633793926,Total execution time error,0
1374654312,DateTime,03-27-2016  16:36:36.
1374654312,Input file,../../data/bipartite/bi_full_1024_30_10_gauss_2.gr
1374654312,Algorithm,Lemon CostScaling
1374654312,Type,FullBipartite
1374654312,Distribution,Gaussian
1374654312,Mean,30
1374654312,Std,10
1374654312,Edges,262144
1374654312,Nodes,1024
1374654312,Total time,0.50473
1374654312,Total time error,0.00139084
1374654312,Total cost,1120
1374654312,Total execution time,2.469
1374654312,Total execution time error,0
278030013,DateTime,03-27-2016  16:36:39.
278030013,Input file,../../data/bipartite/bi_full_1024_30_10_gauss_2.gr
278030013,Algorithm,Simplified CostScaling
278030013,Type,FullBipartite
278030013,Distribution,Gaussian
278030013,Mean,30
278030013,Std,10
278030013,Edges,262144
278030013,Nodes,1024
278030013,Total time,0.985727
278030013,Total time error,0.00161185
278030013,Total cost,1120
278030013,Total execution time,3.12044
278030013,Total execution time error,0
447083515,DateTime,03-27-2016  16:36:42.
447083515,Input file,../../data/bipartite/bi_full_1024_30_10_gauss_3.gr
447083515,Algorithm,Modified Lemon CostScaling
447083515,Type,FullBipartite
447083515,Distribution,Gaussian
447083515,Mean,30
447083515,Std,10
447083515,Edges,262144
447083515,Nodes,1024
447083515,Total time,0.525874
447083515,Total time error,0.00110875
447083515,Total cost,1088
447083515,Total execution time,2.54363
447083515,Total execution time error,0
1844855614,DateTime,03-27-2016  16:36:44.
1844855614,Input file,../../data/bipartite/bi_full_1024_30_10_gauss_3.gr
1844855614,Algorithm,Lemon CostScaling
1844855614,Type,FullBipartite
1844855614,Distribution,Gaussian
1844855614,Mean,30
1844855614,Std,10
1844855614,Edges,262144
1844855614,Nodes,1024
1844855614,Total time,0.637945
1844855614,Total time error,0.00376551
1844855614,Total cost,1088
1844855614,Total execution time,2.86927
1844855614,Total execution time error,0
590424717,DateTime,03-27-2016  16:36:47.
590424717,Input file,../../data/bipartite/bi_full_1024_30_10_gauss_3.gr
590424717,Algorithm,Simplified CostScaling
590424717,Type,FullBipartite
590424717,Distribution,Gaussian
590424717,Mean,30
590424717,Std,10
590424717,Edges,262144
590424717,Nodes,1024
590424717,Total time,1.23093
590424717,Total time error,0.0283702
590424717,Total cost,1088
590424717,Total execution time,3.85609
590424717,Total execution time error,0
1646376346,DateTime,03-27-2016  16:36:51.
1646376346,Input file,../../data/bipartite/bi_full_128_1_100_uni_1.gr
1646376346,Algorithm,Modified Lemon CostScaling
1646376346,Type,FullBipartite
1646376346,Distribution,Uniform
1646376346,MinCost,1
1646376346,MaxCost,100
1646376346,Edges,4096
1646376346,Nodes,128
1646376346,Total time,0.00576858
1646376346,Total time error,0.00100071
1646376346,Total cost,192
1646376346,Total execution time,0.0377143
1646376346,Total execution time error,0
1290997135,DateTime,03-27-2016  16:36:51.
1290997135,Input file,../../data/bipartite/bi_full_128_1_100_uni_1.gr
1290997135,Algorithm,Lemon CostScaling
1290997135,Type,FullBipartite
1290997135,Distribution,Uniform
1290997135,MinCost,1
1290997135,MaxCost,100
1290997135,Edges,4096
1290997135,Nodes,128
1290997135,Total time,0.00829848
1290997135,Total time error,0.000201875
1290997135,Total cost,192
1290997135,Total execution time,0.0434375
1290997135,Total execution time error,0
1557891051,DateTime,03-27-2016  16:36:51.
1557891051,Input file,../../data/bipartite/bi_full_128_1_100_uni_1.gr
1557891051,Algorithm,Simplified CostScaling
1557891051,Type,FullBipartite
1557891051,Distribution,Uniform
1557891051,MinCost,1
1557891051,MaxCost,100
1557891051,Edges,4096
1557891051,Nodes,128
1557891051,Total time,0.00941302
1557891051,Total time error,9.21443e-05
1557891051,Total cost,192
1557891051,Total execution time,0.032228
1557891051,Total execution time error,0
893038500,DateTime,03-27-2016  16:36:51.
893038500,Input file,../../data/bipartite/bi_full_128_1_100_uni_2.gr
893038500,Algorithm,Modified Lemon CostScaling
893038500,Type,FullBipartite
893038500,Distribution,Uniform
893038500,MinCost,1
893038500,MaxCost,100
893038500,Edges,4096
893038500,Nodes,128
893038500,Total time,0.00637994
893038500,Total time error,3.87263e-05
893038500,Total cost,221
893038500,Total execution time,0.0357864
893038500,Total execution time error,0
371677044,DateTime,03-27-2016  16:36:51.
371677044,Input file,../../data/bipartite/bi_full_128_1_100_uni_2.gr
371677044,Algorithm,Lemon CostScaling
371677044,Type,FullBipartite
371677044,Distribution,Uniform
371677044,MinCost,1
371677044,MaxCost,100
371677044,Edges,4096
371677044,Nodes,128
371677044,Total time,0.0088288
371677044,Total time error,4.45767e-05
371677044,Total cost,221
371677044,Total execution time,0.042998
371677044,Total execution time error,0
1715042727,DateTime,03-27-2016  16:36:51.
1715042727,Input file,../../data/bipartite/bi_full_128_1_100_uni_2.gr
1715042727,Algorithm,Simplified CostScaling
1715042727,Type,FullBipartite
1715042727,Distribution,Uniform
1715042727,MinCost,1
1715042727,MaxCost,100
1715042727,Edges,4096
1715042727,Nodes,128
1715042727,Total time,0.0132876
1715042727,Total time error,0.00128372
1715042727,Total cost,221
1715042727,Total execution time,0.0438915
1715042727,Total execution time error,0
1694200457,DateTime,03-27-2016  16:36:51.
1694200457,Input file,../../data/bipartite/bi_full_128_1_100_uni_3.gr
1694200457,Algorithm,Modified Lemon CostScaling
1694200457,Type,FullBipartite
1694200457,Distribution,Uniform
1694200457,MinCost,1
1694200457,MaxCost,100
1694200457,Edges,4096
1694200457,Nodes,128
1694200457,Total time,0.0041867
1694200457,Total time error,7.14232e-06
1694200457,Total cost,171
1694200457,Total execution time,0.029635
1694200457,Total execution time error,0
1927708516,DateTime,03-27-2016  16:36:51.
1927708516,Input file,../../data/bipartite/bi_full_128_1_100_uni_3.gr
1927708516,Algorithm,Lemon CostScaling
1927708516,Type,FullBipartite
1927708516,Distribution,Uniform
1927708516,MinCost,1
1927708516,MaxCost,100
1927708516,Edges,4096
1927708516,Nodes,128
1927708516,Total time,0.00611145
1927708516,Total time error,0.000268088
1927708516,Total cost,171
1927708516,Total execution time,0.0357674
1927708516,Total execution time error,0
1403336923,DateTime,03-27-2016  16:36:52.
1403336923,Input file,../../data/bipartite/bi_full_128_1_100_uni_3.gr
1403336923,Algorithm,Simplified CostScaling
1403336923,Type,FullBipartite
1403336923,Distribution,Uniform
1403336923,MinCost,1
1403336923,MaxCost,100
1403336923,Edges,4096
1403336923,Nodes,128
1403336923,Total time,0.00693817
1403336923,Total time error,0.000140869
1403336923,Total cost,171
1403336923,Total execution time,0.0246103
1403336923,Total execution time error,0
1017335164,DateTime,03-27-2016  16:36:52.
1017335164,Input file,../../data/bipartite/bi_full_128_1_exp_1.gr
1017335164,Algorithm,Modified Lemon CostScaling
1017335164,Type,FullBipartite
1017335164,Distribution,Exponential
1017335164,Lambda,1
1017335164,Edges,4096
1017335164,Nodes,128
1017335164,Total time,0.00417294
1017335164,Total time error,3.7325e-05
1017335164,Total cost,149
1017335164,Total execution time,0.0293681
1017335164,Total execution time error,0
2013356258,DateTime,03-27-2016  16:36:52.
2013356258,Input file,../../data/bipartite/bi_full_128_1_exp_1.gr
2013356258,Algorithm,Lemon CostScaling
2013356258,Type,FullBipartite
2013356258,Distribution,Exponential
2013356258,Lambda,1
2013356258,Edges,4096
2013356258,Nodes,128
2013356258,Total time,0.00981033
2013356258,Total time error,0.00171275
2013356258,Total cost,149
2013356258,Total execution time,0.0499068
2013356258,Total execution time error,0
1238640638,DateTime,03-27-2016  16:36:52.
1238640638,Input file,../../data/bipartite/bi_full_128_1_exp_1.gr
1238640638,Algorithm,Simplified CostScaling
1238640638,Type,FullBipartite
1238640638,Distribution,Exponential
1238640638,Lambda,1
1238640638,Edges,4096
1238640638,Nodes,128
1238640638,Total time,0.0171
1238640638,Total time error,0.000487089
1238640638,Total cost,149
1238640638,Total execution time,0.0582318
1238640638,Total execution time error,0
175480999,DateTime,03-27-2016  16:36:52.
175480999,Input file,../../data/bipartite/bi_full_128_1_exp_2.gr
175480999,Algorithm,Modified Lemon CostScaling
175480999,Type,FullBipartite
175480999,Distribution,Exponential
175480999,Lambda,1
175480999,Edges,4096
175480999,Nodes,128
175480999,Total time,0.0104958
175480999,Total time error,0.00176233
175480999,Total cost,119
175480999,Total execution time,0.051462
175480999,Total execution time error,0
919945694,DateTime,03-27-2016  16:36:52.
919945694,Input file,../../data/bipartite/bi_full_128_1_exp_2.gr
919945694,Algorithm,Lemon CostScaling
919945694,Type,FullBipartite
919945694,Distribution,Exponential
919945694,Lambda,1
919945694,Edges,4096
919945694,Nodes,128
919945694,Total time,0.0119725
919945694,Total time error,0.00271408
919945694,Total cost,119
919945694,Total execution time,0.0611977
919945694,Total execution time error,0
22698571,DateTime,03-27-2016  16:36:52.
22698571,Input file,../../data/bipartite/bi_full_128_1_exp_2.gr
22698571,Algorithm,Simplified CostScaling
22698571,Type,FullBipartite
22698571,Distribution,Exponential
22698571,Lambda,1
22698571,Edges,4096
22698571,Nodes,128
22698571,Total time,0.0260777
22698571,Total time error,0.00206878
22698571,Total cost,119
22698571,Total execution time,0.0892411
22698571,Total execution time error,0
1037323073,DateTime,03-27-2016  16:36:52.
1037323073,Input file,../../data/bipartite/bi_full_128_1_exp_3.gr
1037323073,Algorithm,Modified Lemon CostScaling
1037323073,Type,FullBipartite
1037323073,Distribution,Exponential
1037323073,Lambda,1
1037323073,Edges,4096
1037323073,Nodes,128
1037323073,Total time,0.00860296
1037323073,Total time error,0.000588788
1037323073,Total cost,104
1037323073,Total execution time,0.0481556
1037323073,Total execution time error,0
1930645843,DateTime,03-27-2016  16:36:52.
1930645843,Input file,../../data/bipartite/bi_full_128_1_exp_3.gr
1930645843,Algorithm,Lemon CostScaling
1930645843,Type,FullBipartite
1930645843,Distribution,Exponential
1930645843,Lambda,1
1930645843,Edges,4096
1930645843,Nodes,128
1930645843,Total time,0.00766582
1930645843,Total time error,0.000698158
1930645843,Total cost,104
1930645843,Total execution time,0.0431362
1930645843,Total execution time error,0
1138915704,DateTime,03-27-2016  16:36:52.
1138915704,Input file,../../data/bipartite/bi_full_128_1_exp_3.gr
1138915704,Algorithm,Simplified CostScaling
1138915704,Type,FullBipartite
1138915704,Distribution,Exponential
1138915704,Lambda,1
1138915704,Edges,4096
1138915704,Nodes,128
1138915704,Total time,0.0150518
1138915704,Total time error,0.00302786
1138915704,Total cost,104
1138915704,Total execution time,0.0510827
1138915704,Total execution time error,0
807780512,DateTime,03-27-2016  16:36:52.
807780512,Input file,../../data/bipartite/bi_full_128_30_10_gauss_1.gr
807780512,Algorithm,Modified Lemon CostScaling
807780512,Type,FullBipartite
807780512,Distribution,Gaussian
807780512,Mean,30
807780512,Std,10
807780512,Edges,4096
807780512,Nodes,128
807780512,Total time,0.00616023
807780512,Total time error,0.000558156
807780512,Total cost,497
807780512,Total execution time,0.0416246
807780512,Total execution time error,0
1706218384,DateTime,03-27-2016  16:36:52.
1706218384,Input file,../../data/bipartite/bi_full_128_30_10_gauss_1.gr
1706218384,Algorithm,Lemon CostScaling
1706218384,Type,FullBipartite
1706218384,Distribution,Gaussian
1706218384,Mean,30
1706218384,Std,10
1706218384,Edges,4096
1706218384,Nodes,128
1706218384,Total time,0.00838375
1706218384,Total time error,0.000830617
1706218384,Total cost,497
1706218384,Total execution time,0.0464406
1706218384,Total execution time error,0
1826618515,DateTime,03-27-2016  16:36:52.
1826618515,Input file,../../data/bipartite/bi_full_128_30_10_gauss_1.gr
1826618515,Algorithm,Simplified CostScaling
1826618515,Type,FullBipartite
1826618515,Distribution,Gaussian
1826618515,Mean,30
1826618515,Std,10
1826618515,Edges,4096
1826618515,Nodes,128
1826618515,Total time,0.0188743
1826618515,Total time error,0.000931111
1826618515,Total cost,497
1826618515,Total execution time,0.0696351
1826618515,Total execution time error,0
328113620,DateTime,03-27-2016  16:36:52.
328113620,Input file,../../data/bipartite/bi_full_128_30_10_gauss_2.gr
328113620,Algorithm,Modified Lemon CostScaling
328113620,Type,FullBipartite
328113620,Distribution,Gaussian
328113620,Mean,30
328113620,Std,10
328113620,Edges,4096
328113620,Nodes,128
328113620,Total time,0.00515484
328113620,Total time error,0.000533812
328113620,Total cost,472
328113620,Total execution time,0.0375414
328113620,Total execution time error,0
2120404103,DateTime,03-27-2016  16:36:52.
2120404103,Input file,../../data/bipartite/bi_full_128_30_10_gauss_2.gr
2120404103,Algorithm,Lemon CostScaling
2120404103,Type,FullBipartite
2120404103,Distribution,Gaussian
2120404103,Mean,30
2120404103,Std,10
2120404103,Edges,4096
2120404103,Nodes,128
2120404103,Total time,0.00886771
2120404103,Total time error,0.00105898
2120404103,Total cost,472
2120404103,Total execution time,0.0520329
2120404103,Total execution time error,0
421382000,DateTime,03-27-2016  16:36:52.
421382000,Input file,../../data/bipartite/bi_full_128_30_10_gauss_2.gr
421382000,Algorithm,Simplified CostScaling
421382000,Type,FullBipartite
421382000,Distribution,Gaussian
421382000,Mean,30
421382000,Std,10
421382000,Edges,4096
421382000,Nodes,128
421382000,Total time,0.0107109
421382000,Total time error,0.000885295
421382000,Total cost,472
421382000,Total execution time,0.0397945
421382000,Total execution time error,0
1914974590,DateTime,03-27-2016  16:36:52.
1914974590,Input file,../../data/bipartite/bi_full_128_30_10_gauss_3.gr
1914974590,Algorithm,Modified Lemon CostScaling
1914974590,Type,FullBipartite
1914974590,Distribution,Gaussian
1914974590,Mean,30
1914974590,Std,10
1914974590,Edges,4096
1914974590,Nodes,128
1914974590,Total time,0.00612527
1914974590,Total time error,0.00117719
1914974590,Total cost,493
1914974590,Total execution time,0.0390123
1914974590,Total execution time error,0
180591083,DateTime,03-27-2016  16:36:52.
180591083,Input file,../../data/bipartite/bi_full_128_30_10_gauss_3.gr
180591083,Algorithm,Lemon CostScaling
180591083,Type,FullBipartite
180591083,Distribution,Gaussian
180591083,Mean,30
180591083,Std,10
180591083,Edges,4096
180591083,Nodes,128
180591083,Total time,0.00713118
180591083,Total time error,0.000298542
180591083,Total cost,493
180591083,Total execution time,0.0383487
180591083,Total execution time error,0
899505377,DateTime,03-27-2016  16:36:52.
899505377,Input file,../../data/bipartite/bi_full_128_30_10_gauss_3.gr
899505377,Algorithm,Simplified CostScaling
899505377,Type,FullBipartite
899505377,Distribution,Gaussian
899505377,Mean,30
899505377,Std,10
899505377,Edges,4096
899505377,Nodes,128
899505377,Total time,0.00668974
899505377,Total time error,0.000410668
899505377,Total cost,493
899505377,Total execution time,0.0241727
899505377,Total execution time error,0
1282039261,DateTime,03-27-2016  16:36:52.
1282039261,Input file,../../data/bipartite/bi_full_16_1_100_uni_1.gr
1282039261,Algorithm,Modified Lemon CostScaling
1282039261,Type,FullBipartite
1282039261,Distribution,Uniform
1282039261,MinCost,1
1282039261,MaxCost,100
1282039261,Edges,64
1282039261,Nodes,16
1282039261,Total time,0.000162631
1282039261,Total time error,1.22417e-05
1282039261,Total cost,145
1282039261,Total execution time,0.00405369
1282039261,Total execution time error,0
1903361433,DateTime,03-27-2016  16:36:52.
1903361433,Input file,../../data/bipartite/bi_full_16_1_100_uni_1.gr
1903361433,Algorithm,Lemon CostScaling
1903361433,Type,FullBipartite
1903361433,Distribution,Uniform
1903361433,MinCost,1
1903361433,MaxCost,100
1903361433,Edges,64
1903361433,Nodes,16
1903361433,Total time,0.000139247
1903361433,Total time error,9.44769e-06
1903361433,Total cost,145
1903361433,Total execution time,0.00204036
1903361433,Total execution time error,0
82760517,DateTime,03-27-2016  16:36:52.
82760517,Input file,../../data/bipartite/bi_full_16_1_100_uni_1.gr
82760517,Algorithm,Simplified CostScaling
82760517,Type,FullBipartite
82760517,Distribution,Uniform
82760517,MinCost,1
82760517,MaxCost,100
82760517,Edges,64
82760517,Nodes,16
82760517,Total time,0.000301
82760517,Total time error,5.0714e-05
82760517,Total cost,145
82760517,Total execution time,0.00397379
82760517,Total execution time error,0
1176871630,DateTime,03-27-2016  16:36:52.
1176871630,Input file,../../data/bipartite/bi_full_16_1_100_uni_2.gr
1176871630,Algorithm,Modified Lemon CostScaling
1176871630,Type,FullBipartite
1176871630,Distribution,Uniform
1176871630,MinCost,1
1176871630,MaxCost,100
1176871630,Edges,64
1176871630,Nodes,16
1176871630,Total time,7.30893e-05
1176871630,Total time error,7.63264e-06
1176871630,Total cost,101
1176871630,Total execution time,0.00296781
1176871630,Total execution time error,0
740797399,DateTime,03-27-2016  16:36:52.
740797399,Input file,../../data/bipartite/bi_full_16_1_100_uni_2.gr
740797399,Algorithm,Lemon CostScaling
740797399,Type,FullBipartite
740797399,Distribution,Uniform
740797399,MinCost,1
740797399,MaxCost,100
740797399,Edges,64
740797399,Nodes,16
740797399,Total time,0.000207265
740797399,Total time error,1.2293e-05
740797399,Total cost,101
740797399,Total execution time,0.00286761
740797399,Total execution time error,0
1668272118,DateTime,03-27-2016  16:36:52.
1668272118,Input file,../../data/bipartite/bi_full_16_1_100_uni_2.gr
1668272118,Algorithm,Simplified CostScaling
1668272118,Type,FullBipartite
1668272118,Distribution,Uniform
1668272118,MinCost,1
1668272118,MaxCost,100
1668272118,Edges,64
1668272118,Nodes,16
1668272118,Total time,6.64653e-05
1668272118,Total time error,1.45213e-05
1668272118,Total cost,101
1668272118,Total execution time,0.00141319
1668272118,Total execution time error,0
448079787,DateTime,03-27-2016  16:36:52.
448079787,Input file,../../data/bipartite/bi_full_16_1_100_uni_3.gr
448079787,Algorithm,Modified Lemon CostScaling
448079787,Type,FullBipartite
448079787,Distribution,Uniform
448079787,MinCost,1
448079787,MaxCost,100
448079787,Edges,64
448079787,Nodes,16
448079787,Total time,0.000155302
448079787,Total time error,4.10997e-05
448079787,Total cost,144
448079787,Total execution time,0.00362558
448079787,Total execution time error,0
1841025577,DateTime,03-27-2016  16:36:52.
1841025577,Input file,../../data/bipartite/bi_full_16_1_100_uni_3.gr
1841025577,Algorithm,Lemon CostScaling
1841025577,Type,FullBipartite
1841025577,Distribution,Uniform
1841025577,MinCost,1
1841025577,MaxCost,100
1841025577,Edges,64
1841025577,Nodes,16
1841025577,Total time,0.00025221
1841025577,Total time error,1.67513e-05
1841025577,Total cost,144
1841025577,Total execution time,0.00311412
1841025577,Total execution time error,0
1091887623,DateTime,03-27-2016  16:36:52.
1091887623,Input file,../../data/bipartite/bi_full_16_1_100_uni_3.gr
1091887623,Algorithm,Simplified CostScaling
1091887623,Type,FullBipartite
1091887623,Distribution,Uniform
1091887623,MinCost,1
1091887623,MaxCost,100
1091887623,Edges,64
1091887623,Nodes,16
1091887623,Total time,0.000184792
1091887623,Total time error,1.2585e-05
1091887623,Total cost,144
1091887623,Total execution time,0.00263604
1091887623,Total execution time error,0
960550654,DateTime,03-27-2016  16:36:52.
960550654,Input file,../../data/bipartite/bi_full_16_1_exp_1.gr
960550654,Algorithm,Modified Lemon CostScaling
960550654,Type,FullBipartite
960550654,Distribution,Exponential
960550654,Lambda,1
960550654,Edges,64
960550654,Nodes,16
960550654,Total time,0.000134142
960550654,Total time error,8.05366e-06
960550654,Total cost,139
960550654,Total execution time,0.00298003
960550654,Total execution time error,0
190806863,DateTime,03-27-2016  16:36:52.
190806863,Input file,../../data/bipartite/bi_full_16_1_exp_1.gr
190806863,Algorithm,Lemon CostScaling
190806863,Type,FullBipartite
190806863,Distribution,Exponential
190806863,Lambda,1
190806863,Edges,64
190806863,Nodes,16
190806863,Total time,0.000197153
190806863,Total time error,2.0923e-05
190806863,Total cost,139
190806863,Total execution time,0.00312118
190806863,Total execution time error,0
1896188133,DateTime,03-27-2016  16:36:53.
1896188133,Input file,../../data/bipartite/bi_full_16_1_exp_1.gr
1896188133,Algorithm,Simplified CostScaling
1896188133,Type,FullBipartite
1896188133,Distribution,Exponential
1896188133,Lambda,1
1896188133,Edges,64
1896188133,Nodes,16
1896188133,Total time,0.000224127
1896188133,Total time error,1.22767e-05
1896188133,Total cost,139
1896188133,Total execution time,0.00312251
1896188133,Total execution time error,0
1918841880,DateTime,03-27-2016  16:36:53.
1918841880,Input file,../../data/bipartite/bi_full_16_1_exp_2.gr
1918841880,Algorithm,Modified Lemon CostScaling
1918841880,Type,FullBipartite
1918841880,Distribution,Exponential
1918841880,Lambda,1
1918841880,Edges,64
1918841880,Nodes,16
1918841880,Total time,0.000113293
1918841880,Total time error,4.6807e-05
1918841880,Total cost,163
1918841880,Total execution time,0.00362323
1918841880,Total execution time error,0
97352672,DateTime,03-27-2016  16:36:53.
97352672,Input file,../../data/bipartite/bi_full_16_1_exp_2.gr
97352672,Algorithm,Lemon CostScaling
97352672,Type,FullBipartite
97352672,Distribution,Exponential
97352672,Lambda,1
97352672,Edges,64
97352672,Nodes,16
97352672,Total time,0.000244348
97352672,Total time error,1.9705e-05
97352672,Total cost,163
97352672,Total execution time,0.00311508
97352672,Total execution time error,0
1790087368,DateTime,03-27-2016  16:36:53.
1790087368,Input file,../../data/bipartite/bi_full_16_1_exp_2.gr
1790087368,Algorithm,Simplified CostScaling
1790087368,Type,FullBipartite
1790087368,Distribution,Exponential
1790087368,Lambda,1
1790087368,Edges,64
1790087368,Nodes,16
1790087368,Total time,0.000195045
1790087368,Total time error,9.52067e-06
1790087368,Total cost,163
1790087368,Total execution time,0.00231328
1790087368,Total execution time error,0
1342922659,DateTime,03-27-2016  16:36:53.
1342922659,Input file,../../data/bipartite/bi_full_16_1_exp_3.gr
1342922659,Algorithm,Modified Lemon CostScaling
1342922659,Type,FullBipartite
1342922659,Distribution,Exponential
1342922659,Lambda,1
1342922659,Edges,64
1342922659,Nodes,16
1342922659,Total time,0.000104002
1342922659,Total time error,1.1309e-05
1342922659,Total cost,172
1342922659,Total execution time,0.00265647
1342922659,Total execution time error,0
1974080433,DateTime,03-27-2016  16:36:53.
1974080433,Input file,../../data/bipartite/bi_full_16_1_exp_3.gr
1974080433,Algorithm,Lemon CostScaling
1974080433,Type,FullBipartite
1974080433,Distribution,Exponential
1974080433,Lambda,1
1974080433,Edges,64
1974080433,Nodes,16
1974080433,Total time,0.000274902
1974080433,Total time error,2.27157e-05
1974080433,Total cost,172
1974080433,Total execution time,0.00330377
1974080433,Total execution time error,0
1223242822,DateTime,03-27-2016  16:36:53.
1223242822,Input file,../../data/bipartite/bi_full_16_1_exp_3.gr
1223242822,Algorithm,Simplified CostScaling
1223242822,Type,FullBipartite
1223242822,Distribution,Exponential
1223242822,Lambda,1
1223242822,Edges,64
1223242822,Nodes,16
1223242822,Total time,8.74593e-05
1223242822,Total time error,7.20667e-06
1223242822,Total cost,172
1223242822,Total execution time,0.002055
1223242822,Total execution time error,0
5397209,DateTime,03-27-2016  16:36:53.
5397209,Input file,../../data/bipartite/bi_full_16_30_10_gauss_1.gr
5397209,Algorithm,Modified Lemon CostScaling
5397209,Type,FullBipartite
5397209,Distribution,Gaussian
5397209,Mean,30
5397209,Std,10
5397209,Edges,64
5397209,Nodes,16
5397209,Total time,7.51427e-05
5397209,Total time error,5.50833e-06
5397209,Total cost,141
5397209,Total execution time,0.0027587
5397209,Total execution time error,0
627621005,DateTime,03-27-2016  16:36:53.
627621005,Input file,../../data/bipartite/bi_full_16_30_10_gauss_1.gr
627621005,Algorithm,Lemon CostScaling
627621005,Type,FullBipartite
627621005,Distribution,Gaussian
627621005,Mean,30
627621005,Std,10
627621005,Edges,64
627621005,Nodes,16
627621005,Total time,0.000239853
627621005,Total time error,1.2271e-05
627621005,Total cost,141
627621005,Total execution time,0.00254806
627621005,Total execution time error,0
491947067,DateTime,03-27-2016  16:36:53.
491947067,Input file,../../data/bipartite/bi_full_16_30_10_gauss_1.gr
491947067,Algorithm,Simplified CostScaling
491947067,Type,FullBipartite
491947067,Distribution,Gaussian
491947067,Mean,30
491947067,Std,10
491947067,Edges,64
491947067,Nodes,16
491947067,Total time,6.157e-05
491947067,Total time error,4.79199e-06
491947067,Total cost,141
491947067,Total execution time,0.00102877
491947067,Total execution time error,0
948997481,DateTime,03-27-2016  16:36:53.
948997481,Input file,../../data/bipartite/bi_full_16_30_10_gauss_2.gr
948997481,Algorithm,Modified Lemon CostScaling
948997481,Type,FullBipartite
948997481,Distribution,Gaussian
948997481,Mean,30
948997481,Std,10
948997481,Edges,64
948997481,Nodes,16
948997481,Total time,6.7582e-05
948997481,Total time error,4.63299e-06
948997481,Total cost,129
948997481,Total execution time,0.00153743
948997481,Total execution time error,0
43860947,DateTime,03-27-2016  16:36:53.
43860947,Input file,../../data/bipartite/bi_full_16_30_10_gauss_2.gr
43860947,Algorithm,Lemon CostScaling
43860947,Type,FullBipartite
43860947,Distribution,Gaussian
43860947,Mean,30
43860947,Std,10
43860947,Edges,64
43860947,Nodes,16
43860947,Total time,0.000376902
43860947,Total time error,2.2392e-05
43860947,Total cost,129
43860947,Total execution time,0.0045148
43860947,Total execution time error,0
835580828,DateTime,03-27-2016  16:36:53.
835580828,Input file,../../data/bipartite/bi_full_16_30_10_gauss_2.gr
835580828,Algorithm,Simplified CostScaling
835580828,Type,FullBipartite
835580828,Distribution,Gaussian
835580828,Mean,30
835580828,Std,10
835580828,Edges,64
835580828,Nodes,16
835580828,Total time,0.000310072
835580828,Total time error,1.20127e-05
835580828,Total cost,129
835580828,Total execution time,0.00324559
835580828,Total execution time error,0
78615801,DateTime,03-27-2016  16:36:53.
78615801,Input file,../../data/bipartite/bi_full_16_30_10_gauss_3.gr
78615801,Algorithm,Modified Lemon CostScaling
78615801,Type,FullBipartite
78615801,Distribution,Gaussian
78615801,Mean,30
78615801,Std,10
78615801,Edges,64
78615801,Nodes,16
78615801,Total time,0.000136247
78615801,Total time error,4.69603e-05
78615801,Total cost,137
78615801,Total execution time,0.00369631
78615801,Total execution time error,0
1169055422,DateTime,03-27-2016  16:36:53.
1169055422,Input file,../../data/bipartite/bi_full_16_30_10_gauss_3.gr
1169055422,Algorithm,Lemon CostScaling
1169055422,Type,FullBipartite
1169055422,Distribution,Gaussian
1169055422,Mean,30
1169055422,Std,10
1169055422,Edges,64
1169055422,Nodes,16
1169055422,Total time,0.000425359
1169055422,Total time error,2.5138e-05
1169055422,Total cost,137
1169055422,Total execution time,0.00531644
1169055422,Total execution time error,0
576380940,DateTime,03-27-2016  16:36:53.
576380940,Input file,../../data/bipartite/bi_full_16_30_10_gauss_3.gr
576380940,Algorithm,Simplified CostScaling
576380940,Type,FullBipartite
576380940,Distribution,Gaussian
576380940,Mean,30
576380940,Std,10
576380940,Edges,64
576380940,Nodes,16
576380940,Total time,0.000130717
576380940,Total time error,6.544e-06
576380940,Total cost,137
576380940,Total execution time,0.00200726
576380940,Total execution time error,0
429453360,DateTime,03-27-2016  16:36:53.
429453360,Input file,../../data/bipartite/bi_full_256_1_100_uni_1.gr
429453360,Algorithm,Modified Lemon CostScaling
429453360,Type,FullBipartite
429453360,Distribution,Uniform
429453360,MinCost,1
429453360,MaxCost,100
429453360,Edges,16384
429453360,Nodes,256
429453360,Total time,0.0172784
429453360,Total time error,0.000892484
429453360,Total cost,244
429453360,Total execution time,0.122787
429453360,Total execution time error,0
3366411,DateTime,03-27-2016  16:36:53.
3366411,Input file,../../data/bipartite/bi_full_256_1_100_uni_1.gr
3366411,Algorithm,Lemon CostScaling
3366411,Type,FullBipartite
3366411,Distribution,Uniform
3366411,MinCost,1
3366411,MaxCost,100
3366411,Edges,16384
3366411,Nodes,256
3366411,Total time,0.0274115
3366411,Total time error,0.000497384
3366411,Total cost,244
3366411,Total execution time,0.152048
3366411,Total execution time error,0
115846669,DateTime,03-27-2016  16:36:53.
115846669,Input file,../../data/bipartite/bi_full_256_1_100_uni_1.gr
115846669,Algorithm,Simplified CostScaling
115846669,Type,FullBipartite
115846669,Distribution,Uniform
115846669,MinCost,1
115846669,MaxCost,100
115846669,Edges,16384
115846669,Nodes,256
115846669,Total time,0.0729247
115846669,Total time error,0.0171269
115846669,Total cost,244
115846669,Total execution time,0.23527
115846669,Total execution time error,0
1044211960,DateTime,03-27-2016  16:36:53.
1044211960,Input file,../../data/bipartite/bi_full_256_1_100_uni_2.gr
1044211960,Algorithm,Modified Lemon CostScaling
1044211960,Type,FullBipartite
1044211960,Distribution,Uniform
1044211960,MinCost,1
1044211960,MaxCost,100
1044211960,Edges,16384
1044211960,Nodes,256
1044211960,Total time,0.033597
1044211960,Total time error,0.0042386
1044211960,Total cost,256
1044211960,Total execution time,0.175846
1044211960,Total execution time error,0
1666503505,DateTime,03-27-2016  16:36:53.
1666503505,Input file,../../data/bipartite/bi_full_256_1_100_uni_2.gr
1666503505,Algorithm,Lemon CostScaling
1666503505,Type,FullBipartite
1666503505,Distribution,Uniform
1666503505,MinCost,1
1666503505,MaxCost,100
1666503505,Edges,16384
1666503505,Nodes,256
1666503505,Total time,0.041299
1666503505,Total time error,0.00857891
1666503505,Total cost,256
1666503505,Total execution time,0.200618
1666503505,Total execution time error,0
1132962031,DateTime,03-27-2016  16:36:53.
1132962031,Input file,../../data/bipartite/bi_full_256_1_100_uni_2.gr
1132962031,Algorithm,Simplified CostScaling
1132962031,Type,FullBipartite
1132962031,Distribution,Uniform
1132962031,MinCost,1
1132962031,MaxCost,100
1132962031,Edges,16384
1132962031,Nodes,256
1132962031,Total time,0.0694362
1132962031,Total time error,0.00309907
1132962031,Total cost,256
1132962031,Total execution time,0.22138
1132962031,Total execution time error,0
2035873158,DateTime,03-27-2016  16:36:54.
2035873158,Input file,../../data/bipartite/bi_full_256_1_100_uni_3.gr
2035873158,Algorithm,Modified Lemon CostScaling
2035873158,Type,FullBipartite
2035873158,Distribution,Uniform
2035873158,MinCost,1
2035873158,MaxCost,100
2035873158,Edges,16384
2035873158,Nodes,256
2035873158,Total time,0.0246073
2035873158,Total time error,0.00035061
2035873158,Total cost,218
2035873158,Total execution time,0.138487
2035873158,Total execution time error,0
1041229204,DateTime,03-27-2016  16:36:54.
1041229204,Input file,../../data/bipartite/bi_full_256_1_100_uni_3.gr
1041229204,Algorithm,Lemon CostScaling
1041229204,Type,FullBipartite
1041229204,Distribution,Uniform
1041229204,MinCost,1
1041229204,MaxCost,100
1041229204,Edges,16384
1041229204,Nodes,256
1041229204,Total time,0.038684
1041229204,Total time error,0.00200808
1041229204,Total cost,218
1041229204,Total execution time,0.179938
1041229204,Total execution time error,0
1506564193,DateTime,03-27-2016  16:36:54.
1506564193,Input file,../../data/bipartite/bi_full_256_1_100_uni_3.gr
1506564193,Algorithm,Simplified CostScaling
1506564193,Type,FullBipartite
1506564193,Distribution,Uniform
1506564193,MinCost,1
1506564193,MaxCost,100
1506564193,Edges,16384
1506564193,Nodes,256
1506564193,Total time,0.070893
1506564193,Total time error,0.00158763
1506564193,Total cost,218
1506564193,Total execution time,0.225323
1506564193,Total execution time error,0
1960558713,DateTime,03-27-2016  16:36:54.
1960558713,Input file,../../data/bipartite/bi_full_256_1_exp_1.gr
1960558713,Algorithm,Modified Lemon CostScaling
1960558713,Type,FullBipartite
1960558713,Distribution,Exponential
1960558713,Lambda,1
1960558713,Edges,16384
1960558713,Nodes,256
1960558713,Total time,0.0324932
1960558713,Total time error,0.000784151
1960558713,Total cost,86
1960558713,Total execution time,0.164859
1960558713,Total execution time error,0
1032857918,DateTime,03-27-2016  16:36:54.
1032857918,Input file,../../data/bipartite/bi_full_256_1_exp_1.gr
1032857918,Algorithm,Lemon CostScaling
1032857918,Type,FullBipartite
1032857918,Distribution,Exponential
1032857918,Lambda,1
1032857918,Edges,16384
1032857918,Nodes,256
1032857918,Total time,0.0377031
1032857918,Total time error,0.000373032
1032857918,Total cost,86
1032857918,Total execution time,0.182876
1032857918,Total execution time error,0
1072683155,DateTime,03-27-2016  16:36:55.
1072683155,Input file,../../data/bipartite/bi_full_256_1_exp_1.gr
1072683155,Algorithm,Simplified CostScaling
1072683155,Type,FullBipartite
1072683155,Distribution,Exponential
1072683155,Lambda,1
1072683155,Edges,16384
1072683155,Nodes,256
1072683155,Total time,0.0992517
1072683155,Total time error,0.0157739
1072683155,Total cost,86
1072683155,Total execution time,0.322104
1072683155,Total execution time error,0
1312721070,DateTime,03-27-2016  16:36:55.
1312721070,Input file,../../data/bipartite/bi_full_256_1_exp_2.gr
1312721070,Algorithm,Modified Lemon CostScaling
1312721070,Type,FullBipartite
1312721070,Distribution,Exponential
1312721070,Lambda,1
1312721070,Edges,16384
1312721070,Nodes,256
1312721070,Total time,0.0315696
1312721070,Total time error,0.00034069
1312721070,Total cost,117
1312721070,Total execution time,0.158098
1312721070,Total execution time error,0
968842932,DateTime,03-27-2016  16:36:55.
968842932,Input file,../../data/bipartite/bi_full_256_1_exp_2.gr
968842932,Algorithm,Lemon CostScaling
968842932,Type,FullBipartite
968842932,Distribution,Exponential
968842932,Lambda,1
968842932,Edges,16384
968842932,Nodes,256
968842932,Total time,0.0363058
968842932,Total time error,0.00932012
968842932,Total cost,117
968842932,Total execution time,0.182843
968842932,Total execution time error,0
541138814,DateTime,03-27-2016  16:36:55.
541138814,Input file,../../data/bipartite/bi_full_256_1_exp_2.gr
541138814,Algorithm,Simplified CostScaling
541138814,Type,FullBipartite
541138814,Distribution,Exponential
541138814,Lambda,1
541138814,Edges,16384
541138814,Nodes,256
541138814,Total time,0.0876782
541138814,Total time error,0.0161776
541138814,Total cost,117
541138814,Total execution time,0.280639
541138814,Total execution time error,0
1452212034,DateTime,03-27-2016  16:36:56.
1452212034,Input file,../../data/bipartite/bi_full_256_1_exp_3.gr
1452212034,Algorithm,Modified Lemon CostScaling
1452212034,Type,FullBipartite
1452212034,Distribution,Exponential
1452212034,Lambda,1
1452212034,Edges,16384
1452212034,Nodes,256
1452212034,Total time,0.0411002
1452212034,Total time error,0.00647988
1452212034,Total cost,112
1452212034,Total execution time,0.202033
1452212034,Total execution time error,0
309514250,DateTime,03-27-2016  16:36:56.
309514250,Input file,../../data/bipartite/bi_full_256_1_exp_3.gr
309514250,Algorithm,Lemon CostScaling
309514250,Type,FullBipartite
309514250,Distribution,Exponential
309514250,Lambda,1
309514250,Edges,16384
309514250,Nodes,256
309514250,Total time,0.0493084
309514250,Total time error,0.00501084
309514250,Total cost,112
309514250,Total execution time,0.217972
309514250,Total execution time error,0
2119493704,DateTime,03-27-2016  16:36:56.
2119493704,Input file,../../data/bipartite/bi_full_256_1_exp_3.gr
2119493704,Algorithm,Simplified CostScaling
2119493704,Type,FullBipartite
2119493704,Distribution,Exponential
2119493704,Lambda,1
2119493704,Edges,16384
2119493704,Nodes,256
2119493704,Total time,0.0910338
2119493704,Total time error,0.00850633
2119493704,Total cost,112
2119493704,Total execution time,0.286704
2119493704,Total execution time error,0
1194421035,DateTime,03-27-2016  16:36:56.
1194421035,Input file,../../data/bipartite/bi_full_256_30_10_gauss_1.gr
1194421035,Algorithm,Modified Lemon CostScaling
1194421035,Type,FullBipartite
1194421035,Distribution,Gaussian
1194421035,Mean,30
1194421035,Std,10
1194421035,Edges,16384
1194421035,Nodes,256
1194421035,Total time,0.0133517
1194421035,Total time error,0.000984245
1194421035,Total cost,703
1194421035,Total execution time,0.114499
1194421035,Total execution time error,0
281210535,DateTime,03-27-2016  16:36:56.
281210535,Input file,../../data/bipartite/bi_full_256_30_10_gauss_1.gr
281210535,Algorithm,Lemon CostScaling
281210535,Type,FullBipartite
281210535,Distribution,Gaussian
281210535,Mean,30
281210535,Std,10
281210535,Edges,16384
281210535,Nodes,256
281210535,Total time,0.0248754
281210535,Total time error,0.00014529
281210535,Total cost,703
281210535,Total execution time,0.140742
281210535,Total execution time error,0
1122078755,DateTime,03-27-2016  16:36:57.
1122078755,Input file,../../data/bipartite/bi_full_256_30_10_gauss_1.gr
1122078755,Algorithm,Simplified CostScaling
1122078755,Type,FullBipartite
1122078755,Distribution,Gaussian
1122078755,Mean,30
1122078755,Std,10
1122078755,Edges,16384
1122078755,Nodes,256
1122078755,Total time,0.0423368
1122078755,Total time error,0.00926195
1122078755,Total cost,703
1122078755,Total execution time,0.138904
1122078755,Total execution time error,0
1186312429,DateTime,03-27-2016  16:36:57.
1186312429,Input file,../../data/bipartite/bi_full_256_30_10_gauss_2.gr
1186312429,Algorithm,Modified Lemon CostScaling
1186312429,Type,FullBipartite
1186312429,Distribution,Gaussian
1186312429,Mean,30
1186312429,Std,10
1186312429,Edges,16384
1186312429,Nodes,256
1186312429,Total time,0.0149875
1186312429,Total time error,0.00350861
1186312429,Total cost,718
1186312429,Total execution time,0.112376
1186312429,Total execution time error,0
1646557904,DateTime,03-27-2016  16:36:57.
1646557904,Input file,../../data/bipartite/bi_full_256_30_10_gauss_2.gr
1646557904,Algorithm,Lemon CostScaling
1646557904,Type,FullBipartite
1646557904,Distribution,Gaussian
1646557904,Mean,30
1646557904,Std,10
1646557904,Edges,16384
1646557904,Nodes,256
1646557904,Total time,0.0429223
1646557904,Total time error,0.00646783
1646557904,Total cost,718
1646557904,Total execution time,0.211877
1646557904,Total execution time error,0
2058881155,DateTime,03-27-2016  16:36:57.
2058881155,Input file,../../data/bipartite/bi_full_256_30_10_gauss_2.gr
2058881155,Algorithm,Simplified CostScaling
2058881155,Type,FullBipartite
2058881155,Distribution,Gaussian
2058881155,Mean,30
2058881155,Std,10
2058881155,Edges,16384
2058881155,Nodes,256
2058881155,Total time,0.0295002
2058881155,Total time error,0.00544077
2058881155,Total cost,718
2058881155,Total execution time,0.100593
2058881155,Total execution time error,0
1116836483,DateTime,03-27-2016  16:36:57.
1116836483,Input file,../../data/bipartite/bi_full_256_30_10_gauss_3.gr
1116836483,Algorithm,Modified Lemon CostScaling
1116836483,Type,FullBipartite
1116836483,Distribution,Gaussian
1116836483,Mean,30
1116836483,Std,10
1116836483,Edges,16384
1116836483,Nodes,256
1116836483,Total time,0.0228555
1116836483,Total time error,0.00426399
1116836483,Total cost,807
1116836483,Total execution time,0.145981
1116836483,Total execution time error,0
880816204,DateTime,03-27-2016  16:36:57.
880816204,Input file,../../data/bipartite/bi_full_256_30_10_gauss_3.gr
880816204,Algorithm,Lemon CostScaling
880816204,Type,FullBipartite
880816204,Distribution,Gaussian
880816204,Mean,30
880816204,Std,10
880816204,Edges,16384
880816204,Nodes,256
880816204,Total time,0.0276146
880816204,Total time error,0.00169454
880816204,Total cost,807
880816204,Total execution time,0.144817
880816204,Total execution time error,0
209360897,DateTime,03-27-2016  16:36:57.
209360897,Input file,../../data/bipartite/bi_full_256_30_10_gauss_3.gr
209360897,Algorithm,Simplified CostScaling
209360897,Type,FullBipartite
209360897,Distribution,Gaussian
209360897,Mean,30
209360897,Std,10
209360897,Edges,16384
209360897,Nodes,256
209360897,Total time,0.0636992
209360897,Total time error,0.00871566
209360897,Total cost,807
209360897,Total execution time,0.211507
209360897,Total execution time error,0
1392577504,DateTime,03-27-2016  16:36:58.
1392577504,Input file,../../data/bipartite/bi_full_32_1_100_uni_1.gr
1392577504,Algorithm,Modified Lemon CostScaling
1392577504,Type,FullBipartite
1392577504,Distribution,Uniform
1392577504,MinCost,1
1392577504,MaxCost,100
1392577504,Edges,256
1392577504,Nodes,32
1392577504,Total time,0.000498239
1392577504,Total time error,8.18534e-06
1392577504,Total cost,149
1392577504,Total execution time,0.0069635
1392577504,Total execution time error,0
1747862240,DateTime,03-27-2016  16:36:58.
1747862240,Input file,../../data/bipartite/bi_full_32_1_100_uni_1.gr
1747862240,Algorithm,Lemon CostScaling
1747862240,Type,FullBipartite
1747862240,Distribution,Uniform
1747862240,MinCost,1
1747862240,MaxCost,100
1747862240,Edges,256
1747862240,Nodes,32
1747862240,Total time,0.000424224
1747862240,Total time error,9.71867e-06
1747862240,Total cost,149
1747862240,Total execution time,0.00821389
1747862240,Total execution time error,0
1926664476,DateTime,03-27-2016  16:36:58.
1926664476,Input file,../../data/bipartite/bi_full_32_1_100_uni_1.gr
1926664476,Algorithm,Simplified CostScaling
1926664476,Type,FullBipartite
1926664476,Distribution,Uniform
1926664476,MinCost,1
1926664476,MaxCost,100
1926664476,Edges,256
1926664476,Nodes,32
1926664476,Total time,0.000669506
1926664476,Total time error,0.000118515
1926664476,Total cost,149
1926664476,Total execution time,0.00380951
1926664476,Total execution time error,0
1175979063,DateTime,03-27-2016  16:36:58.
1175979063,Input file,../../data/bipartite/bi_full_32_1_100_uni_2.gr
1175979063,Algorithm,Modified Lemon CostScaling
1175979063,Type,FullBipartite
1175979063,Distribution,Uniform
1175979063,MinCost,1
1175979063,MaxCost,100
1175979063,Edges,256
1175979063,Nodes,32
1175979063,Total time,0.000236957
1175979063,Total time error,8.24501e-06
1175979063,Total cost,142
1175979063,Total execution time,0.0038419
1175979063,Total execution time error,0
1808059455,DateTime,03-27-2016  16:36:58.
1808059455,Input file,../../data/bipartite/bi_full_32_1_100_uni_2.gr
1808059455,Algorithm,Lemon CostScaling
1808059455,Type,FullBipartite
1808059455,Distribution,Uniform
1808059455,MinCost,1
1808059455,MaxCost,100
1808059455,Edges,256
1808059455,Nodes,32
1808059455,Total time,0.000509869
1808059455,Total time error,5.08903e-05
1808059455,Total cost,142
1808059455,Total execution time,0.003999
1808059455,Total execution time error,0
2129362441,DateTime,03-27-2016  16:36:58.
2129362441,Input file,../../data/bipartite/bi_full_32_1_100_uni_2.gr
2129362441,Algorithm,Simplified CostScaling
2129362441,Type,FullBipartite
2129362441,Distribution,Uniform
2129362441,MinCost,1
2129362441,MaxCost,100
2129362441,Edges,256
2129362441,Nodes,32
2129362441,Total time,0.000453247
2129362441,Total time error,2.78467e-05
2129362441,Total cost,142
2129362441,Total execution time,0.002842
2129362441,Total execution time error,0
1381069565,DateTime,03-27-2016  16:36:58.
1381069565,Input file,../../data/bipartite/bi_full_32_1_100_uni_3.gr
1381069565,Algorithm,Modified Lemon CostScaling
1381069565,Type,FullBipartite
1381069565,Distribution,Uniform
1381069565,MinCost,1
1381069565,MaxCost,100
1381069565,Edges,256
1381069565,Nodes,32
1381069565,Total time,0.000630475
1381069565,Total time error,8.32167e-05
1381069565,Total cost,183
1381069565,Total execution time,0.00925561
1381069565,Total execution time error,0
1253534672,DateTime,03-27-2016  16:36:58.
1253534672,Input file,../../data/bipartite/bi_full_32_1_100_uni_3.gr
1253534672,Algorithm,Lemon CostScaling
1253534672,Type,FullBipartite
1253534672,Distribution,Uniform
1253534672,MinCost,1
1253534672,MaxCost,100
1253534672,Edges,256
1253534672,Nodes,32
1253534672,Total time,0.000499477
1253534672,Total time error,6.78037e-05
1253534672,Total cost,183
1253534672,Total execution time,0.00434867
1253534672,Total execution time error,0
497886086,DateTime,03-27-2016  16:36:58.
497886086,Input file,../../data/bipartite/bi_full_32_1_100_uni_3.gr
497886086,Algorithm,Simplified CostScaling
497886086,Type,FullBipartite
497886086,Distribution,Uniform
497886086,MinCost,1
497886086,MaxCost,100
497886086,Edges,256
497886086,Nodes,32
497886086,Total time,0.00042039
497886086,Total time error,1.9927e-05
497886086,Total cost,183
497886086,Total execution time,0.00275664
497886086,Total execution time error,0
57728068,DateTime,03-27-2016  16:36:58.
57728068,Input file,../../data/bipartite/bi_full_32_1_exp_1.gr
57728068,Algorithm,Modified Lemon CostScaling
57728068,Type,FullBipartite
57728068,Distribution,Exponential
57728068,Lambda,1
57728068,Edges,256
57728068,Nodes,32
57728068,Total time,0.000432384
57728068,Total time error,7.70167e-06
57728068,Total cost,110
57728068,Total execution time,0.00432701
57728068,Total execution time error,0
73474485,DateTime,03-27-2016  16:36:58.
73474485,Input file,../../data/bipartite/bi_full_32_1_exp_1.gr
73474485,Algorithm,Lemon CostScaling
73474485,Type,FullBipartite
73474485,Distribution,Exponential
73474485,Lambda,1
73474485,Edges,256
73474485,Nodes,32
73474485,Total time,0.000538158
73474485,Total time error,1.17397e-05
73474485,Total cost,110
73474485,Total execution time,0.00478552
73474485,Total execution time error,0
1466178618,DateTime,03-27-2016  16:36:58.
1466178618,Input file,../../data/bipartite/bi_full_32_1_exp_1.gr
1466178618,Algorithm,Simplified CostScaling
1466178618,Type,FullBipartite
1466178618,Distribution,Exponential
1466178618,Lambda,1
1466178618,Edges,256
1466178618,Nodes,32
1466178618,Total time,0.000474193
1466178618,Total time error,5.58199e-06
1466178618,Total cost,110
1466178618,Total execution time,0.00292812
1466178618,Total execution time error,0
2089102183,DateTime,03-27-2016  16:36:58.
2089102183,Input file,../../data/bipartite/bi_full_32_1_exp_2.gr
2089102183,Algorithm,Modified Lemon CostScaling
2089102183,Type,FullBipartite
2089102183,Distribution,Exponential
2089102183,Lambda,1
2089102183,Edges,256
2089102183,Nodes,32
2089102183,Total time,0.00033764
2089102183,Total time error,1.9963e-05
2089102183,Total cost,193
2089102183,Total execution time,0.00333402
2089102183,Total execution time error,0
573721782,DateTime,03-27-2016  16:36:58.
573721782,Input file,../../data/bipartite/bi_full_32_1_exp_2.gr
573721782,Algorithm,Lemon CostScaling
573721782,Type,FullBipartite
573721782,Distribution,Exponential
573721782,Lambda,1
573721782,Edges,256
573721782,Nodes,32
573721782,Total time,0.000465308
573721782,Total time error,6.62166e-06
573721782,Total cost,193
573721782,Total execution time,0.0036732
573721782,Total execution time error,0
1205550177,DateTime,03-27-2016  16:36:58.
1205550177,Input file,../../data/bipartite/bi_full_32_1_exp_2.gr
1205550177,Algorithm,Simplified CostScaling
1205550177,Type,FullBipartite
1205550177,Distribution,Exponential
1205550177,Lambda,1
1205550177,Edges,256
1205550177,Nodes,32
1205550177,Total time,0.000497314
1205550177,Total time error,1.66873e-05
1205550177,Total cost,193
1205550177,Total execution time,0.00281367
1205550177,Total execution time error,0
2127770980,DateTime,03-27-2016  16:36:58.
2127770980,Input file,../../data/bipartite/bi_full_32_1_exp_3.gr
2127770980,Algorithm,Modified Lemon CostScaling
2127770980,Type,FullBipartite
2127770980,Distribution,Exponential
2127770980,Lambda,1
2127770980,Edges,256
2127770980,Nodes,32
2127770980,Total time,0.000345815
2127770980,Total time error,3.18173e-05
2127770980,Total cost,163
2127770980,Total execution time,0.00308059
2127770980,Total execution time error,0
1684895356,DateTime,03-27-2016  16:36:58.
1684895356,Input file,../../data/bipartite/bi_full_32_1_exp_3.gr
1684895356,Algorithm,Lemon CostScaling
1684895356,Type,FullBipartite
1684895356,Distribution,Exponential
1684895356,Lambda,1
1684895356,Edges,256
1684895356,Nodes,32
1684895356,Total time,0.000495224
1684895356,Total time error,1.8569e-05
1684895356,Total cost,163
1684895356,Total execution time,0.00502703
1684895356,Total execution time error,0
943835298,DateTime,03-27-2016  16:36:58.
943835298,Input file,../../data/bipartite/bi_full_32_1_exp_3.gr
943835298,Algorithm,Simplified CostScaling
943835298,Type,FullBipartite
943835298,Distribution,Exponential
943835298,Lambda,1
943835298,Edges,256
943835298,Nodes,32
943835298,Total time,0.000506946
943835298,Total time error,1.4417e-05
943835298,Total cost,163
943835298,Total execution time,0.00277889
943835298,Total execution time error,0
1560779556,DateTime,03-27-2016  16:36:58.
1560779556,Input file,../../data/bipartite/bi_full_32_30_10_gauss_1.gr
1560779556,Algorithm,Modified Lemon CostScaling
1560779556,Type,FullBipartite
1560779556,Distribution,Gaussian
1560779556,Mean,30
1560779556,Std,10
1560779556,Edges,256
1560779556,Nodes,32
1560779556,Total time,0.000270617
1560779556,Total time error,4.65634e-06
1560779556,Total cost,228
1560779556,Total execution time,0.00295116
1560779556,Total execution time error,0
348021055,DateTime,03-27-2016  16:36:58.
348021055,Input file,../../data/bipartite/bi_full_32_30_10_gauss_1.gr
348021055,Algorithm,Lemon CostScaling
348021055,Type,FullBipartite
348021055,Distribution,Gaussian
348021055,Mean,30
348021055,Std,10
348021055,Edges,256
348021055,Nodes,32
348021055,Total time,0.000390714
348021055,Total time error,1.48607e-05
348021055,Total cost,228
348021055,Total execution time,0.0032963
348021055,Total execution time error,0
964847291,DateTime,03-27-2016  16:36:58.
964847291,Input file,../../data/bipartite/bi_full_32_30_10_gauss_1.gr
964847291,Algorithm,Simplified CostScaling
964847291,Type,FullBipartite
964847291,Distribution,Gaussian
964847291,Mean,30
964847291,Std,10
964847291,Edges,256
964847291,Nodes,32
964847291,Total time,0.00039992
964847291,Total time error,7.52834e-06
964847291,Total cost,228
964847291,Total execution time,0.00252457
964847291,Total execution time error,0
828835595,DateTime,03-27-2016  16:36:58.
828835595,Input file,../../data/bipartite/bi_full_32_30_10_gauss_2.gr
828835595,Algorithm,Modified Lemon CostScaling
828835595,Type,FullBipartite
828835595,Distribution,Gaussian
828835595,Mean,30
828835595,Std,10
828835595,Edges,256
828835595,Nodes,32
828835595,Total time,0.000133088
828835595,Total time error,5.30131e-06
828835595,Total cost,221
828835595,Total execution time,0.00244637
828835595,Total execution time error,0
1762040186,DateTime,03-27-2016  16:36:58.
1762040186,Input file,../../data/bipartite/bi_full_32_30_10_gauss_2.gr
1762040186,Algorithm,Lemon CostScaling
1762040186,Type,FullBipartite
1762040186,Distribution,Gaussian
1762040186,Mean,30
1762040186,Std,10
1762040186,Edges,256
1762040186,Nodes,32
1762040186,Total time,0.000464536
1762040186,Total time error,1.55403e-05
1762040186,Total cost,221
1762040186,Total execution time,0.00355892
1762040186,Total execution time error,0
1303397668,DateTime,03-27-2016  16:36:58.
1303397668,Input file,../../data/bipartite/bi_full_32_30_10_gauss_2.gr
1303397668,Algorithm,Simplified CostScaling
1303397668,Type,FullBipartite
1303397668,Distribution,Gaussian
1303397668,Mean,30
1303397668,Std,10
1303397668,Edges,256
1303397668,Nodes,32
1303397668,Total time,0.000244525
1303397668,Total time error,9.96366e-06
1303397668,Total cost,221
1303397668,Total execution time,0.00200927
1303397668,Total execution time error,0
92973110,DateTime,03-27-2016  16:36:58.
92973110,Input file,../../data/bipartite/bi_full_32_30_10_gauss_3.gr
92973110,Algorithm,Modified Lemon CostScaling
92973110,Type,FullBipartite
92973110,Distribution,Gaussian
92973110,Mean,30
92973110,Std,10
92973110,Edges,256
92973110,Nodes,32
92973110,Total time,0.000199408
92973110,Total time error,6.55833e-06
92973110,Total cost,206
92973110,Total execution time,0.00277633
92973110,Total execution time error,0
2095570165,DateTime,03-27-2016  16:36:58.
2095570165,Input file,../../data/bipartite/bi_full_32_30_10_gauss_3.gr
2095570165,Algorithm,Lemon CostScaling
2095570165,Type,FullBipartite
2095570165,Distribution,Gaussian
2095570165,Mean,30
2095570165,Std,10
2095570165,Edges,256
2095570165,Nodes,32
2095570165,Total time,0.000449521
2095570165,Total time error,9.57333e-06
2095570165,Total cost,206
2095570165,Total execution time,0.00366614
2095570165,Total execution time error,0
579060236,DateTime,03-27-2016  16:36:58.
579060236,Input file,../../data/bipartite/bi_full_32_30_10_gauss_3.gr
579060236,Algorithm,Simplified CostScaling
579060236,Type,FullBipartite
579060236,Distribution,Gaussian
579060236,Mean,30
579060236,Std,10
579060236,Edges,256
579060236,Nodes,32
579060236,Total time,0.00034277
579060236,Total time error,9.96067e-06
579060236,Total cost,206
579060236,Total execution time,0.00220428
579060236,Total execution time error,0
436399892,DateTime,03-27-2016  16:36:58.
436399892,Input file,../../data/bipartite/bi_full_512_1_100_uni_1.gr
436399892,Algorithm,Modified Lemon CostScaling
436399892,Type,FullBipartite
436399892,Distribution,Uniform
436399892,MinCost,1
436399892,MaxCost,100
436399892,Edges,65536
436399892,Nodes,512
436399892,Total time,0.211797
436399892,Total time error,0.040928
436399892,Total cost,315
436399892,Total execution time,0.904859
436399892,Total execution time error,0
235800482,DateTime,03-27-2016  16:36:59.
235800482,Input file,../../data/bipartite/bi_full_512_1_100_uni_1.gr
235800482,Algorithm,Lemon CostScaling
235800482,Type,FullBipartite
235800482,Distribution,Uniform
235800482,MinCost,1
235800482,MaxCost,100
235800482,Edges,65536
235800482,Nodes,512
235800482,Total time,0.132698
235800482,Total time error,0.00472981
235800482,Total cost,315
235800482,Total execution time,0.64384
235800482,Total execution time error,0
263839641,DateTime,03-27-2016  16:36:59.
263839641,Input file,../../data/bipartite/bi_full_512_1_100_uni_1.gr
263839641,Algorithm,Simplified CostScaling
263839641,Type,FullBipartite
263839641,Distribution,Uniform
263839641,MinCost,1
263839641,MaxCost,100
263839641,Edges,65536
263839641,Nodes,512
263839641,Total time,0.411141
263839641,Total time error,0.0446405
263839641,Total cost,315
263839641,Total execution time,1.27675
263839641,Total execution time error,0
2128005118,DateTime,03-27-2016  16:37:01.
2128005118,Input file,../../data/bipartite/bi_full_512_1_100_uni_2.gr
2128005118,Algorithm,Modified Lemon CostScaling
2128005118,Type,FullBipartite
2128005118,Distribution,Uniform
2128005118,MinCost,1
2128005118,MaxCost,100
2128005118,Edges,65536
2128005118,Nodes,512
2128005118,Total time,0.146222
2128005118,Total time error,0.00516269
2128005118,Total cost,314
2128005118,Total execution time,0.688959
2128005118,Total execution time error,0
1823265936,DateTime,03-27-2016  16:37:01.
1823265936,Input file,../../data/bipartite/bi_full_512_1_100_uni_2.gr
1823265936,Algorithm,Lemon CostScaling
1823265936,Type,FullBipartite
1823265936,Distribution,Uniform
1823265936,MinCost,1
1823265936,MaxCost,100
1823265936,Edges,65536
1823265936,Nodes,512
1823265936,Total time,0.128687
1823265936,Total time error,0.00237729
1823265936,Total cost,314
1823265936,Total execution time,0.62599
1823265936,Total execution time error,0
2117954131,DateTime,03-27-2016  16:37:02.
2117954131,Input file,../../data/bipartite/bi_full_512_1_100_uni_2.gr
2117954131,Algorithm,Simplified CostScaling
2117954131,Type,FullBipartite
2117954131,Distribution,Uniform
2117954131,MinCost,1
2117954131,MaxCost,100
2117954131,Edges,65536
2117954131,Nodes,512
2117954131,Total time,0.359068
2117954131,Total time error,0.00193584
2117954131,Total cost,314
2117954131,Total execution time,1.12708
2117954131,Total execution time error,0
1286227167,DateTime,03-27-2016  16:37:03.
1286227167,Input file,../../data/bipartite/bi_full_512_1_100_uni_3.gr
1286227167,Algorithm,Modified Lemon CostScaling
1286227167,Type,FullBipartite
1286227167,Distribution,Uniform
1286227167,MinCost,1
1286227167,MaxCost,100
1286227167,Edges,65536
1286227167,Nodes,512
1286227167,Total time,0.210967
1286227167,Total time error,0.00251116
1286227167,Total cost,314
1286227167,Total execution time,0.878579
1286227167,Total execution time error,0
419207815,DateTime,03-27-2016  16:37:04.
419207815,Input file,../../data/bipartite/bi_full_512_1_100_uni_3.gr
419207815,Algorithm,Lemon CostScaling
419207815,Type,FullBipartite
419207815,Distribution,Uniform
419207815,MinCost,1
419207815,MaxCost,100
419207815,Edges,65536
419207815,Nodes,512
419207815,Total time,0.127022
419207815,Total time error,0.00203427
419207815,Total cost,314
419207815,Total execution time,0.628322
419207815,Total execution time error,0
1944854653,DateTime,03-27-2016  16:37:05.
1944854653,Input file,../../data/bipartite/bi_full_512_1_100_uni_3.gr
1944854653,Algorithm,Simplified CostScaling
1944854653,Type,FullBipartite
1944854653,Distribution,Uniform
1944854653,MinCost,1
1944854653,MaxCost,100
1944854653,Edges,65536
1944854653,Nodes,512
1944854653,Total time,0.414525
1944854653,Total time error,0.0171132
1944854653,Total cost,314
1944854653,Total execution time,1.29627
1944854653,Total execution time error,0
176338060,DateTime,03-27-2016  16:37:06.
176338060,Input file,../../data/bipartite/bi_full_512_1_exp_1.gr
176338060,Algorithm,Modified Lemon CostScaling
176338060,Type,FullBipartite
176338060,Distribution,Exponential
176338060,Lambda,1
176338060,Edges,65536
176338060,Nodes,512
176338060,Total time,0.107049
176338060,Total time error,0.00472649
176338060,Total cost,63
176338060,Total execution time,0.572403
176338060,Total execution time error,0
10191296,DateTime,03-27-2016  16:37:06.
10191296,Input file,../../data/bipartite/bi_full_512_1_exp_1.gr
10191296,Algorithm,Lemon CostScaling
10191296,Type,FullBipartite
10191296,Distribution,Exponential
10191296,Lambda,1
10191296,Edges,65536
10191296,Nodes,512
10191296,Total time,0.124318
10191296,Total time error,0.0021779
10191296,Total cost,63
10191296,Total execution time,0.613173
10191296,Total execution time error,0
577831342,DateTime,03-27-2016  16:37:07.
577831342,Input file,../../data/bipartite/bi_full_512_1_exp_1.gr
577831342,Algorithm,Simplified CostScaling
577831342,Type,FullBipartite
577831342,Distribution,Exponential
577831342,Lambda,1
577831342,Edges,65536
577831342,Nodes,512
577831342,Total time,0.290053
577831342,Total time error,0.00629873
577831342,Total cost,63
577831342,Total execution time,0.915399
577831342,Total execution time error,0
555470089,DateTime,03-27-2016  16:37:08.
555470089,Input file,../../data/bipartite/bi_full_512_1_exp_2.gr
555470089,Algorithm,Modified Lemon CostScaling
555470089,Type,FullBipartite
555470089,Distribution,Exponential
555470089,Lambda,1
555470089,Edges,65536
555470089,Nodes,512
555470089,Total time,0.127348
555470089,Total time error,0.000736861
555470089,Total cost,59
555470089,Total execution time,0.624782
555470089,Total execution time error,0
686154994,DateTime,03-27-2016  16:37:09.
686154994,Input file,../../data/bipartite/bi_full_512_1_exp_2.gr
686154994,Algorithm,Lemon CostScaling
686154994,Type,FullBipartite
686154994,Distribution,Exponential
686154994,Lambda,1
686154994,Edges,65536
686154994,Nodes,512
686154994,Total time,0.153164
686154994,Total time error,0.000364962
686154994,Total cost,59
686154994,Total execution time,0.701438
686154994,Total execution time error,0
2110980227,DateTime,03-27-2016  16:37:09.
2110980227,Input file,../../data/bipartite/bi_full_512_1_exp_2.gr
2110980227,Algorithm,Simplified CostScaling
2110980227,Type,FullBipartite
2110980227,Distribution,Exponential
2110980227,Lambda,1
2110980227,Edges,65536
2110980227,Nodes,512
2110980227,Total time,0.446515
2110980227,Total time error,0.00185512
2110980227,Total cost,59
2110980227,Total execution time,1.38515
2110980227,Total execution time error,0
1951964226,DateTime,03-27-2016  16:37:11.
1951964226,Input file,../../data/bipartite/bi_full_512_1_exp_3.gr
1951964226,Algorithm,Modified Lemon CostScaling
1951964226,Type,FullBipartite
1951964226,Distribution,Exponential
1951964226,Lambda,1
1951964226,Edges,65536
1951964226,Nodes,512
1951964226,Total time,0.165735
1951964226,Total time error,0.000272289
1951964226,Total cost,61
1951964226,Total execution time,0.741019
1951964226,Total execution time error,0
874493936,DateTime,03-27-2016  16:37:11.
874493936,Input file,../../data/bipartite/bi_full_512_1_exp_3.gr
874493936,Algorithm,Lemon CostScaling
874493936,Type,FullBipartite
874493936,Distribution,Exponential
874493936,Lambda,1
874493936,Edges,65536
874493936,Nodes,512
874493936,Total time,0.157273
874493936,Total time error,0.00215356
874493936,Total cost,61
874493936,Total execution time,0.711946
874493936,Total execution time error,0
1381719499,DateTime,03-27-2016  16:37:12.
1381719499,Input file,../../data/bipartite/bi_full_512_1_exp_3.gr
1381719499,Algorithm,Simplified CostScaling
1381719499,Type,FullBipartite
1381719499,Distribution,Exponential
1381719499,Lambda,1
1381719499,Edges,65536
1381719499,Nodes,512
1381719499,Total time,0.534608
1381719499,Total time error,0.0014759
1381719499,Total cost,61
1381719499,Total execution time,1.64923
1381719499,Total execution time error,0
407381710,DateTime,03-27-2016  16:37:14.
407381710,Input file,../../data/bipartite/bi_full_512_30_10_gauss_1.gr
407381710,Algorithm,Modified Lemon CostScaling
407381710,Type,FullBipartite
407381710,Distribution,Gaussian
407381710,Mean,30
407381710,Std,10
407381710,Edges,65536
407381710,Nodes,512
407381710,Total time,0.0792296
407381710,Total time error,0.000870493
407381710,Total cost,962
407381710,Total execution time,0.480249
407381710,Total execution time error,0
609955460,DateTime,03-27-2016  16:37:14.
609955460,Input file,../../data/bipartite/bi_full_512_30_10_gauss_1.gr
609955460,Algorithm,Lemon CostScaling
609955460,Type,FullBipartite
609955460,Distribution,Gaussian
609955460,Mean,30
609955460,Std,10
609955460,Edges,65536
609955460,Nodes,512
609955460,Total time,0.130842
609955460,Total time error,0.0025736
609955460,Total cost,962
609955460,Total execution time,0.634145
609955460,Total execution time error,0
622068410,DateTime,03-27-2016  16:37:15.
622068410,Input file,../../data/bipartite/bi_full_512_30_10_gauss_1.gr
622068410,Algorithm,Simplified CostScaling
622068410,Type,FullBipartite
622068410,Distribution,Gaussian
622068410,Mean,30
622068410,Std,10
622068410,Edges,65536
622068410,Nodes,512
622068410,Total time,0.184903
622068410,Total time error,0.000529028
622068410,Total cost,962
622068410,Total execution time,0.601781
622068410,Total execution time error,0
1611574876,DateTime,03-27-2016  16:37:16.
1611574876,Input file,../../data/bipartite/bi_full_512_30_10_gauss_2.gr
1611574876,Algorithm,Modified Lemon CostScaling
1611574876,Type,FullBipartite
1611574876,Distribution,Gaussian
1611574876,Mean,30
1611574876,Std,10
1611574876,Edges,65536
1611574876,Nodes,512
1611574876,Total time,0.0663854
1611574876,Total time error,0.00122027
1611574876,Total cost,972
1611574876,Total execution time,0.443895
1611574876,Total execution time error,0
1732397013,DateTime,03-27-2016  16:37:16.
1732397013,Input file,../../data/bipartite/bi_full_512_30_10_gauss_2.gr
1732397013,Algorithm,Lemon CostScaling
1732397013,Type,FullBipartite
1732397013,Distribution,Gaussian
1732397013,Mean,30
1732397013,Std,10
1732397013,Edges,65536
1732397013,Nodes,512
1732397013,Total time,0.148999
1732397013,Total time error,0.00230224
1732397013,Total cost,972
1732397013,Total execution time,0.687882
1732397013,Total execution time error,0
656985485,DateTime,03-27-2016  16:37:17.
656985485,Input file,../../data/bipartite/bi_full_512_30_10_gauss_2.gr
656985485,Algorithm,Simplified CostScaling
656985485,Type,FullBipartite
656985485,Distribution,Gaussian
656985485,Mean,30
656985485,Std,10
656985485,Edges,65536
656985485,Nodes,512
656985485,Total time,0.174041
656985485,Total time error,0.0002184
656985485,Total cost,972
656985485,Total execution time,0.57112
656985485,Total execution time error,0
35222601,DateTime,03-27-2016  16:37:17.
35222601,Input file,../../data/bipartite/bi_full_512_30_10_gauss_3.gr
35222601,Algorithm,Modified Lemon CostScaling
35222601,Type,FullBipartite
35222601,Distribution,Gaussian
35222601,Mean,30
35222601,Std,10
35222601,Edges,65536
35222601,Nodes,512
35222601,Total time,0.0618901
35222601,Total time error,0.000791451
35222601,Total cost,985
35222601,Total execution time,0.428035
35222601,Total execution time error,0
722560384,DateTime,03-27-2016  16:37:18.
722560384,Input file,../../data/bipartite/bi_full_512_30_10_gauss_3.gr
722560384,Algorithm,Lemon CostScaling
722560384,Type,FullBipartite
722560384,Distribution,Gaussian
722560384,Mean,30
722560384,Std,10
722560384,Edges,65536
722560384,Nodes,512
722560384,Total time,0.105917
722560384,Total time error,0.000352372
722560384,Total cost,985
722560384,Total execution time,0.561196
722560384,Total execution time error,0
378453254,DateTime,03-27-2016  16:37:18.
378453254,Input file,../../data/bipartite/bi_full_512_30_10_gauss_3.gr
378453254,Algorithm,Simplified CostScaling
378453254,Type,FullBipartite
378453254,Distribution,Gaussian
378453254,Mean,30
378453254,Std,10
378453254,Edges,65536
378453254,Nodes,512
378453254,Total time,0.165687
378453254,Total time error,0.00138231
378453254,Total cost,985
378453254,Total execution time,0.548362
378453254,Total execution time error,0
1080768744,DateTime,03-27-2016  16:37:19.
1080768744,Input file,../../data/bipartite/bi_full_64_1_100_uni_1.gr
1080768744,Algorithm,Modified Lemon CostScaling
1080768744,Type,FullBipartite
1080768744,Distribution,Uniform
1080768744,MinCost,1
1080768744,MaxCost,100
1080768744,Edges,1024
1080768744,Nodes,64
1080768744,Total time,0.00211861
1080768744,Total time error,0.00149654
1080768744,Total cost,174
1080768744,Total execution time,0.0155498
1080768744,Total execution time error,0
207125361,DateTime,03-27-2016  16:37:19.
207125361,Input file,../../data/bipartite/bi_full_64_1_100_uni_1.gr
207125361,Algorithm,Lemon CostScaling
207125361,Type,FullBipartite
207125361,Distribution,Uniform
207125361,MinCost,1
207125361,MaxCost,100
207125361,Edges,1024
207125361,Nodes,64
207125361,Total time,0.00238074
207125361,Total time error,0.000301787
207125361,Total cost,174
207125361,Total execution time,0.0145346
207125361,Total execution time error,0
1468947269,DateTime,03-27-2016  16:37:19.
1468947269,Input file,../../data/bipartite/bi_full_64_1_100_uni_1.gr
1468947269,Algorithm,Simplified CostScaling
1468947269,Type,FullBipartite
1468947269,Distribution,Uniform
1468947269,MinCost,1
1468947269,MaxCost,100
1468947269,Edges,1024
1468947269,Nodes,64
1468947269,Total time,0.00245205
1468947269,Total time error,2.38923e-05
1468947269,Total cost,174
1468947269,Total execution time,0.0104554
1468947269,Total execution time error,0
1816822719,DateTime,03-27-2016  16:37:19.
1816822719,Input file,../../data/bipartite/bi_full_64_1_100_uni_2.gr
1816822719,Algorithm,Modified Lemon CostScaling
1816822719,Type,FullBipartite
1816822719,Distribution,Uniform
1816822719,MinCost,1
1816822719,MaxCost,100
1816822719,Edges,1024
1816822719,Nodes,64
1816822719,Total time,0.000742343
1816822719,Total time error,1.21707e-05
1816822719,Total cost,141
1816822719,Total execution time,0.0103622
1816822719,Total execution time error,0
314564319,DateTime,03-27-2016  16:37:19.
314564319,Input file,../../data/bipartite/bi_full_64_1_100_uni_2.gr
314564319,Algorithm,Lemon CostScaling
314564319,Type,FullBipartite
314564319,Distribution,Uniform
314564319,MinCost,1
314564319,MaxCost,100
314564319,Edges,1024
314564319,Nodes,64
314564319,Total time,0.00197348
314564319,Total time error,0.000381778
314564319,Total cost,141
314564319,Total execution time,0.013627
314564319,Total execution time error,0
818649491,DateTime,03-27-2016  16:37:19.
818649491,Input file,../../data/bipartite/bi_full_64_1_100_uni_2.gr
818649491,Algorithm,Simplified CostScaling
818649491,Type,FullBipartite
818649491,Distribution,Uniform
818649491,MinCost,1
818649491,MaxCost,100
818649491,Edges,1024
818649491,Nodes,64
818649491,Total time,0.00177345
818649491,Total time error,0.000109647
818649491,Total cost,141
818649491,Total execution time,0.00852598
818649491,Total execution time error,0
694369992,DateTime,03-27-2016  16:37:19.
694369992,Input file,../../data/bipartite/bi_full_64_1_100_uni_3.gr
694369992,Algorithm,Modified Lemon CostScaling
694369992,Type,FullBipartite
694369992,Distribution,Uniform
694369992,MinCost,1
694369992,MaxCost,100
694369992,Edges,1024
694369992,Nodes,64
694369992,Total time,0.00197962
694369992,Total time error,0.00038757
694369992,Total cost,184
694369992,Total execution time,0.0139836
694369992,Total execution time error,0
127283306,DateTime,03-27-2016  16:37:19.
127283306,Input file,../../data/bipartite/bi_full_64_1_100_uni_3.gr
127283306,Algorithm,Lemon CostScaling
127283306,Type,FullBipartite
127283306,Distribution,Uniform
127283306,MinCost,1
127283306,MaxCost,100
127283306,Edges,1024
127283306,Nodes,64
127283306,Total time,0.00214195
127283306,Total time error,2.5944e-05
127283306,Total cost,184
127283306,Total execution time,0.0149785
127283306,Total execution time error,0
333653320,DateTime,03-27-2016  16:37:19.
333653320,Input file,../../data/bipartite/bi_full_64_1_100_uni_3.gr
333653320,Algorithm,Simplified CostScaling
333653320,Type,FullBipartite
333653320,Distribution,Uniform
333653320,MinCost,1
333653320,MaxCost,100
333653320,Edges,1024
333653320,Nodes,64
333653320,Total time,0.00155433
333653320,Total time error,0.000335474
333653320,Total cost,184
333653320,Total execution time,0.00780046
333653320,Total execution time error,0
1269884271,DateTime,03-27-2016  16:37:19.
1269884271,Input file,../../data/bipartite/bi_full_64_1_exp_1.gr
1269884271,Algorithm,Modified Lemon CostScaling
1269884271,Type,FullBipartite
1269884271,Distribution,Exponential
1269884271,Lambda,1
1269884271,Edges,1024
1269884271,Nodes,64
1269884271,Total time,0.00144834
1269884271,Total time error,0.000686587
1269884271,Total cost,129
1269884271,Total execution time,0.0160744
1269884271,Total execution time error,0
1936581303,DateTime,03-27-2016  16:37:19.
1936581303,Input file,../../data/bipartite/bi_full_64_1_exp_1.gr
1936581303,Algorithm,Lemon CostScaling
1936581303,Type,FullBipartite
1936581303,Distribution,Exponential
1936581303,Lambda,1
1936581303,Edges,1024
1936581303,Nodes,64
1936581303,Total time,0.00223322
1936581303,Total time error,9.66237e-05
1936581303,Total cost,129
1936581303,Total execution time,0.0162397
1936581303,Total execution time error,0
459055533,DateTime,03-27-2016  16:37:19.
459055533,Input file,../../data/bipartite/bi_full_64_1_exp_1.gr
459055533,Algorithm,Simplified CostScaling
459055533,Type,FullBipartite
459055533,Distribution,Exponential
459055533,Lambda,1
459055533,Edges,1024
459055533,Nodes,64
459055533,Total time,0.00244308
459055533,Total time error,0.00017642
459055533,Total cost,129
459055533,Total execution time,0.0109679
459055533,Total execution time error,0
796301383,DateTime,03-27-2016  16:37:19.
796301383,Input file,../../data/bipartite/bi_full_64_1_exp_2.gr
796301383,Algorithm,Modified Lemon CostScaling
796301383,Type,FullBipartite
796301383,Distribution,Exponential
796301383,Lambda,1
796301383,Edges,1024
796301383,Nodes,64
796301383,Total time,0.000856513
796301383,Total time error,3.01573e-05
796301383,Total cost,111
796301383,Total execution time,0.00838197
796301383,Total execution time error,0
978307293,DateTime,03-27-2016  16:37:19.
978307293,Input file,../../data/bipartite/bi_full_64_1_exp_2.gr
978307293,Algorithm,Lemon CostScaling
978307293,Type,FullBipartite
978307293,Distribution,Exponential
978307293,Lambda,1
978307293,Edges,1024
978307293,Nodes,64
978307293,Total time,0.00310724
978307293,Total time error,0.00227745
978307293,Total cost,111
978307293,Total execution time,0.017104
978307293,Total execution time error,0
260043516,DateTime,03-27-2016  16:37:19.
260043516,Input file,../../data/bipartite/bi_full_64_1_exp_2.gr
260043516,Algorithm,Simplified CostScaling
260043516,Type,FullBipartite
260043516,Distribution,Exponential
260043516,Lambda,1
260043516,Edges,1024
260043516,Nodes,64
260043516,Total time,0.00335773
260043516,Total time error,0.00109824
260043516,Total cost,111
260043516,Total execution time,0.014229
260043516,Total execution time error,0
454303382,DateTime,03-27-2016  16:37:19.
454303382,Input file,../../data/bipartite/bi_full_64_1_exp_3.gr
454303382,Algorithm,Modified Lemon CostScaling
454303382,Type,FullBipartite
454303382,Distribution,Exponential
454303382,Lambda,1
454303382,Edges,1024
454303382,Nodes,64
454303382,Total time,0.00122185
454303382,Total time error,0.000312413
454303382,Total cost,159
454303382,Total execution time,0.0126068
454303382,Total execution time error,0
1259983484,DateTime,03-27-2016  16:37:19.
1259983484,Input file,../../data/bipartite/bi_full_64_1_exp_3.gr
1259983484,Algorithm,Lemon CostScaling
1259983484,Type,FullBipartite
1259983484,Distribution,Exponential
1259983484,Lambda,1
1259983484,Edges,1024
1259983484,Nodes,64
1259983484,Total time,0.00180096
1259983484,Total time error,0.000437733
1259983484,Total cost,159
1259983484,Total execution time,0.0144483
1259983484,Total execution time error,0
1156158462,DateTime,03-27-2016  16:37:19.
1156158462,Input file,../../data/bipartite/bi_full_64_1_exp_3.gr
1156158462,Algorithm,Simplified CostScaling
1156158462,Type,FullBipartite
1156158462,Distribution,Exponential
1156158462,Lambda,1
1156158462,Edges,1024
1156158462,Nodes,64
1156158462,Total time,0.00437411
1156158462,Total time error,0.000102408
1156158462,Total cost,159
1156158462,Total execution time,0.0179986
1156158462,Total execution time error,0
1516532971,DateTime,03-27-2016  16:37:19.
1516532971,Input file,../../data/bipartite/bi_full_64_30_10_gauss_1.gr
1516532971,Algorithm,Modified Lemon CostScaling
1516532971,Type,FullBipartite
1516532971,Distribution,Gaussian
1516532971,Mean,30
1516532971,Std,10
1516532971,Edges,1024
1516532971,Nodes,64
1516532971,Total time,0.00143435
1516532971,Total time error,0.000344503
1516532971,Total cost,352
1516532971,Total execution time,0.0141558
1516532971,Total execution time error,0
639452705,DateTime,03-27-2016  16:37:19.
639452705,Input file,../../data/bipartite/bi_full_64_30_10_gauss_1.gr
639452705,Algorithm,Lemon CostScaling
639452705,Type,FullBipartite
639452705,Distribution,Gaussian
639452705,Mean,30
639452705,Std,10
639452705,Edges,1024
639452705,Nodes,64
639452705,Total time,0.00284984
639452705,Total time error,0.00135363
639452705,Total cost,352
639452705,Total execution time,0.0195632
639452705,Total execution time error,0
698648845,DateTime,03-27-2016  16:37:19.
698648845,Input file,../../data/bipartite/bi_full_64_30_10_gauss_1.gr
698648845,Algorithm,Simplified CostScaling
698648845,Type,FullBipartite
698648845,Distribution,Gaussian
698648845,Mean,30
698648845,Std,10
698648845,Edges,1024
698648845,Nodes,64
698648845,Total time,0.0019653
698648845,Total time error,0.000120363
698648845,Total cost,352
698648845,Total execution time,0.00845055
698648845,Total execution time error,0
581249022,DateTime,03-27-2016  16:37:19.
581249022,Input file,../../data/bipartite/bi_full_64_30_10_gauss_2.gr
581249022,Algorithm,Modified Lemon CostScaling
581249022,Type,FullBipartite
581249022,Distribution,Gaussian
581249022,Mean,30
581249022,Std,10
581249022,Edges,1024
581249022,Nodes,64
581249022,Total time,0.00139166
581249022,Total time error,2.81917e-05
581249022,Total cost,352
581249022,Total execution time,0.0122737
581249022,Total execution time error,0
311248881,DateTime,03-27-2016  16:37:19.
311248881,Input file,../../data/bipartite/bi_full_64_30_10_gauss_2.gr
311248881,Algorithm,Lemon CostScaling
311248881,Type,FullBipartite
311248881,Distribution,Gaussian
311248881,Mean,30
311248881,Std,10
311248881,Edges,1024
311248881,Nodes,64
311248881,Total time,0.00201299
311248881,Total time error,0.000211704
311248881,Total cost,352
311248881,Total execution time,0.014184
311248881,Total execution time error,0
1117902752,DateTime,03-27-2016  16:37:19.
1117902752,Input file,../../data/bipartite/bi_full_64_30_10_gauss_2.gr
1117902752,Algorithm,Simplified CostScaling
1117902752,Type,FullBipartite
1117902752,Distribution,Gaussian
1117902752,Mean,30
1117902752,Std,10
1117902752,Edges,1024
1117902752,Nodes,64
1117902752,Total time,0.00122194
1117902752,Total time error,4.18093e-05
1117902752,Total cost,352
1117902752,Total execution time,0.00661933
1117902752,Total execution time error,0
530988950,DateTime,03-27-2016  16:37:19.
530988950,Input file,../../data/bipartite/bi_full_64_30_10_gauss_3.gr
530988950,Algorithm,Modified Lemon CostScaling
530988950,Type,FullBipartite
530988950,Distribution,Gaussian
530988950,Mean,30
530988950,Std,10
530988950,Edges,1024
530988950,Nodes,64
530988950,Total time,0.00113585
530988950,Total time error,0.000294225
530988950,Total cost,308
530988950,Total execution time,0.0137986
530988950,Total execution time error,0
2108245300,DateTime,03-27-2016  16:37:19.
2108245300,Input file,../../data/bipartite/bi_full_64_30_10_gauss_3.gr
2108245300,Algorithm,Lemon CostScaling
2108245300,Type,FullBipartite
2108245300,Distribution,Gaussian
2108245300,Mean,30
2108245300,Std,10
2108245300,Edges,1024
2108245300,Nodes,64
2108245300,Total time,0.00214716
2108245300,Total time error,0.000761497
2108245300,Total cost,308
2108245300,Total execution time,0.0163602
2108245300,Total execution time error,0
925420847,DateTime,03-27-2016  16:37:19.
925420847,Input file,../../data/bipartite/bi_full_64_30_10_gauss_3.gr
925420847,Algorithm,Simplified CostScaling
925420847,Type,FullBipartite
925420847,Distribution,Gaussian
925420847,Mean,30
925420847,Std,10
925420847,Edges,1024
925420847,Nodes,64
925420847,Total time,0.00300904
925420847,Total time error,0.000247441
925420847,Total cost,308
925420847,Total execution time,0.0117447
925420847,Total execution time error,0
