1688785839,DateTime,04-29-2016  14:16:34.
1688785839,Input file,../../data/bipartite_sparse/bi_full_4096_m0_1_100_uni_1.gr
1688785839,Algorithm,SIA
1688785839,Type,FullBipartite
1688785839,Distribution,Uniform
1688785839,MinCost,1
1688785839,MaxCost,100
1688785839,Edges,4194304
1688785839,Nodes,4096
1688785839,Saturation mean,0.0062809
1688785839,Saturation std,0.00381008
1688785839,Dijkstra executions,21478
1688785839,Iterations,0
1688785839,Total cost,2048
1688785839,Total time,0.222868
1688785839,Total time error,0
1688785839,Process node,0.000108532
1688785839,Process node error,0.00182115
1688785839,Augment and reset,4.65925e-06
1688785839,Augment and reset error,1.23367e-05
1688785839,Dijkstra,8.11147e-06
1688785839,Dijkstra error,0.000473411
1688785839,Graph sorting,0.188503
1688785839,Graph sorting error,0
1688785839,Graph neighborhood init,0.0969807
1688785839,Graph neighborhood init error,0
1688785839,Total execution time,1.72948
1688785839,Total execution time error,0
1175283296,DateTime,04-29-2016  14:16:41.
1175283296,Input file,../../data/bipartite_sparse/bi_full_4096_m0_1_100_uni_2.gr
1175283296,Algorithm,SIA
1175283296,Type,FullBipartite
1175283296,Distribution,Uniform
1175283296,MinCost,1
1175283296,MaxCost,100
1175283296,Edges,4194304
1175283296,Nodes,4096
1175283296,Saturation mean,0.00665665
1175283296,Saturation std,0.00384788
1175283296,Dijkstra executions,18400
1175283296,Iterations,0
1175283296,Total cost,2048
1175283296,Total time,0.208617
1175283296,Total time error,0
1175283296,Process node,0.000101597
1175283296,Process node error,0.000782195
1175283296,Augment and reset,4.58503e-06
1175283296,Augment and reset error,1.7234e-05
1175283296,Dijkstra,9.02065e-06
1175283296,Dijkstra error,0.000483994
1175283296,Graph sorting,0.187749
1175283296,Graph sorting error,0
1175283296,Graph neighborhood init,0.0963908
1175283296,Graph neighborhood init error,0
1175283296,Total execution time,1.71482
1175283296,Total execution time error,0
1807475636,DateTime,04-29-2016  14:16:48.
1807475636,Input file,../../data/bipartite_sparse/bi_full_4096_m0_1_exp_1.gr
1807475636,Algorithm,SIA
1807475636,Type,FullBipartite
1807475636,Distribution,Exponential
1807475636,Lambda,1
1807475636,Edges,4194304
1807475636,Nodes,4096
1807475636,Saturation mean,0.00676131
1807475636,Saturation std,0.00319133
1807475636,Dijkstra executions,7102
1807475636,Iterations,0
1807475636,Total cost,0
1807475636,Total time,0.358343
1807475636,Total time error,0
1807475636,Process node,0.000174688
1807475636,Process node error,0.000495017
1807475636,Augment and reset,5.03931e-06
1807475636,Augment and reset error,3.29547e-05
1807475636,Dijkstra,4.64893e-05
1807475636,Dijkstra error,0.000442818
1807475636,Graph sorting,0.188516
1807475636,Graph sorting error,0
1807475636,Graph neighborhood init,0.0964801
1807475636,Graph neighborhood init error,0
1807475636,Total execution time,1.88918
1807475636,Total execution time error,0
1919043724,DateTime,04-29-2016  14:16:56.
1919043724,Input file,../../data/bipartite_sparse/bi_full_4096_m0_1_exp_2.gr
1919043724,Algorithm,SIA
1919043724,Type,FullBipartite
1919043724,Distribution,Exponential
1919043724,Lambda,1
1919043724,Edges,4194304
1919043724,Nodes,4096
1919043724,Saturation mean,0.00646901
1919043724,Saturation std,0.0031336
1919043724,Dijkstra executions,7091
1919043724,Iterations,0
1919043724,Total cost,0
1919043724,Total time,0.356902
1919043724,Total time error,0
1919043724,Process node,0.000173995
1919043724,Process node error,0.00049886
1919043724,Augment and reset,4.95419e-06
1919043724,Augment and reset error,3.27909e-05
1919043724,Dijkstra,4.64965e-05
1919043724,Dijkstra error,0.000425098
1919043724,Graph sorting,0.188487
1919043724,Graph sorting error,0
1919043724,Graph neighborhood init,0.0962479
1919043724,Graph neighborhood init error,0
1919043724,Total execution time,1.89011
1919043724,Total execution time error,0
314572732,DateTime,04-29-2016  14:17:03.
314572732,Input file,../../data/bipartite_sparse/bi_full_4096_m0_30_10_gauss_1.gr
314572732,Algorithm,SIA
314572732,Type,FullBipartite
314572732,Distribution,Gaussian
314572732,Mean,30
314572732,Std,10
314572732,Edges,4194304
314572732,Nodes,4096
314572732,Saturation mean,0.0109446
314572732,Saturation std,0.00256214
314572732,Dijkstra executions,45905
314572732,Iterations,0
314572732,Total cost,807
314572732,Total time,0.152146
314572732,Total time error,0
314572732,Process node,7.40257e-05
314572732,Process node error,0.0183734
314572732,Augment and reset,4.2998e-06
314572732,Augment and reset error,1.79462e-05
314572732,Dijkstra,6.83586e-07
314572732,Dijkstra error,0.000917095
314572732,Graph sorting,0.227566
314572732,Graph sorting error,0
314572732,Graph neighborhood init,0.0959698
314572732,Graph neighborhood init error,0
314572732,Total execution time,1.70075
314572732,Total execution time error,0
1213040375,DateTime,04-29-2016  14:17:11.
1213040375,Input file,../../data/bipartite_sparse/bi_full_4096_m0_30_10_gauss_2.gr
1213040375,Algorithm,SIA
1213040375,Type,FullBipartite
1213040375,Distribution,Gaussian
1213040375,Mean,30
1213040375,Std,10
1213040375,Edges,4194304
1213040375,Nodes,4096
1213040375,Saturation mean,0.0106437
1213040375,Saturation std,0.00234032
1213040375,Dijkstra executions,44641
1213040375,Iterations,0
1213040375,Total cost,784
1213040375,Total time,0.139691
1213040375,Total time error,0
1213040375,Process node,6.7962e-05
1213040375,Process node error,0.0385611
1213040375,Augment and reset,4.25552e-06
1213040375,Augment and reset error,1.37125e-05
1213040375,Dijkstra,5.48441e-07
1213040375,Dijkstra error,0.000791866
1213040375,Graph sorting,0.227578
1213040375,Graph sorting error,0
1213040375,Graph neighborhood init,0.0962734
1213040375,Graph neighborhood init error,0
1213040375,Total execution time,1.68838
1213040375,Total execution time error,0
1425588791,DateTime,04-29-2016  14:17:18.
1425588791,Input file,../../data/bipartite_sparse/bi_full_4096_m1024_1_100_uni_1.gr
1425588791,Algorithm,SIA
1425588791,Type,FullBipartite
1425588791,Distribution,Uniform
1425588791,MinCost,1
1425588791,MaxCost,100
1425588791,Edges,2097152
1425588791,Nodes,4096
1425588791,Saturation mean,0.00974846
1425588791,Saturation std,0.00357703
1425588791,Dijkstra executions,11805
1425588791,Iterations,0
1425588791,Total cost,2048
1425588791,Total time,0.163923
1425588791,Total time error,0
1425588791,Process node,7.97613e-05
1425588791,Process node error,0.0010453
1425588791,Augment and reset,4.50328e-06
1425588791,Augment and reset error,1.60117e-05
1425588791,Dijkstra,1.09531e-05
1425588791,Dijkstra error,0.000435979
1425588791,Graph sorting,0.0819659
1425588791,Graph sorting error,0
1425588791,Graph neighborhood init,0.0486796
1425588791,Graph neighborhood init error,0
1425588791,Total execution time,0.914212
1425588791,Total execution time error,0
894148283,DateTime,04-29-2016  14:17:21.
894148283,Input file,../../data/bipartite_sparse/bi_full_4096_m1024_1_100_uni_2.gr
894148283,Algorithm,SIA
894148283,Type,FullBipartite
894148283,Distribution,Uniform
894148283,MinCost,1
894148283,MaxCost,100
894148283,Edges,2097152
894148283,Nodes,4096
894148283,Saturation mean,0.00841522
894148283,Saturation std,0.00407326
894148283,Dijkstra executions,16220
894148283,Iterations,0
894148283,Total cost,2048
894148283,Total time,0.180644
894148283,Total time error,0
894148283,Process node,8.79241e-05
894148283,Process node error,0.00309052
894148283,Augment and reset,4.4462e-06
894148283,Augment and reset error,1.77167e-05
894148283,Dijkstra,8.56196e-06
894148283,Dijkstra error,0.000424906
894148283,Graph sorting,0.082079
894148283,Graph sorting error,0
894148283,Graph neighborhood init,0.0488056
894148283,Graph neighborhood init error,0
894148283,Total execution time,0.932715
894148283,Total execution time error,0
812929797,DateTime,04-29-2016  14:17:24.
812929797,Input file,../../data/bipartite_sparse/bi_full_4096_m1024_1_exp_1.gr
812929797,Algorithm,SIA
812929797,Type,FullBipartite
812929797,Distribution,Exponential
812929797,Lambda,1
812929797,Edges,2097152
812929797,Nodes,4096
812929797,Saturation mean,0.00836134
812929797,Saturation std,0.00359862
812929797,Dijkstra executions,6581
812929797,Iterations,0
812929797,Total cost,0
812929797,Total time,0.264423
812929797,Total time error,0
812929797,Process node,0.000128845
812929797,Process node error,0.000482931
812929797,Augment and reset,4.89478e-06
812929797,Augment and reset error,3.75642e-05
812929797,Dijkstra,3.64514e-05
812929797,Dijkstra error,0.000389555
812929797,Graph sorting,0.0862061
812929797,Graph sorting error,0
812929797,Graph neighborhood init,0.0487155
812929797,Graph neighborhood init error,0
812929797,Total execution time,1.03129
812929797,Total execution time error,0
122616325,DateTime,04-29-2016  14:17:28.
122616325,Input file,../../data/bipartite_sparse/bi_full_4096_m1024_1_exp_2.gr
122616325,Algorithm,SIA
122616325,Type,FullBipartite
122616325,Distribution,Exponential
122616325,Lambda,1
122616325,Edges,2097152
122616325,Nodes,4096
122616325,Saturation mean,0.00814342
122616325,Saturation std,0.00354469
122616325,Dijkstra executions,6554
122616325,Iterations,0
122616325,Total cost,0
122616325,Total time,0.26966
122616325,Total time error,0
122616325,Process node,0.000131384
122616325,Process node error,0.000496003
122616325,Augment and reset,4.84513e-06
122616325,Augment and reset error,3.91128e-05
122616325,Dijkstra,3.74068e-05
122616325,Dijkstra error,0.000404004
122616325,Graph sorting,0.0863386
122616325,Graph sorting error,0
122616325,Graph neighborhood init,0.0491017
122616325,Graph neighborhood init error,0
122616325,Total execution time,1.03789
122616325,Total execution time error,0
488811372,DateTime,04-29-2016  14:17:31.
488811372,Input file,../../data/bipartite_sparse/bi_full_4096_m1024_30_10_gauss_1.gr
488811372,Algorithm,SIA
488811372,Type,FullBipartite
488811372,Distribution,Gaussian
488811372,Mean,30
488811372,Std,10
488811372,Edges,2097152
488811372,Nodes,4096
488811372,Saturation mean,0.0290403
488811372,Saturation std,0.00572799
488811372,Dijkstra executions,60902
488811372,Iterations,0
488811372,Total cost,2301
488811372,Total time,0.184885
488811372,Total time error,0
488811372,Process node,8.99913e-05
488811372,Process node error,0.0262861
488811372,Augment and reset,4.32334e-06
488811372,Augment and reset error,1.85136e-05
488811372,Dijkstra,4.16838e-07
488811372,Dijkstra error,0.00100122
488811372,Graph sorting,0.0902495
488811372,Graph sorting error,0
488811372,Graph neighborhood init,0.0489555
488811372,Graph neighborhood init error,0
488811372,Total execution time,0.944925
488811372,Total execution time error,0
80152337,DateTime,04-29-2016  14:17:35.
80152337,Input file,../../data/bipartite_sparse/bi_full_4096_m1024_30_10_gauss_2.gr
80152337,Algorithm,SIA
80152337,Type,FullBipartite
80152337,Distribution,Gaussian
80152337,Mean,30
80152337,Std,10
80152337,Edges,2097152
80152337,Nodes,4096
80152337,Saturation mean,0.0221786
80152337,Saturation std,0.00551756
80152337,Dijkstra executions,46512
80152337,Iterations,0
80152337,Total cost,2258
80152337,Total time,0.147477
80152337,Total time error,0
80152337,Process node,7.17567e-05
80152337,Process node error,0.0205551
80152337,Augment and reset,4.34789e-06
80152337,Augment and reset error,2.03892e-05
80152337,Dijkstra,4.58666e-07
80152337,Dijkstra error,0.000811802
80152337,Graph sorting,0.0904945
80152337,Graph sorting error,0
80152337,Graph neighborhood init,0.0489794
80152337,Graph neighborhood init error,0
80152337,Total execution time,0.908107
80152337,Total execution time error,0
403605579,DateTime,04-29-2016  14:17:39.
403605579,Input file,../../data/bipartite_sparse/bi_full_4096_m1280_1_100_uni_1.gr
403605579,Algorithm,SIA
403605579,Type,FullBipartite
403605579,Distribution,Uniform
403605579,MinCost,1
403605579,MaxCost,100
403605579,Edges,1572864
403605579,Nodes,4096
403605579,Saturation mean,0.0201213
403605579,Saturation std,0.00511657
403605579,Dijkstra executions,28620
403605579,Iterations,0
403605579,Total cost,2050
403605579,Total time,0.139314
403605579,Total time error,0
403605579,Process node,6.7768e-05
403605579,Process node error,0.0275649
403605579,Augment and reset,4.72353e-06
403605579,Augment and reset error,2.08564e-05
403605579,Dijkstra,2.48712e-06
403605579,Dijkstra error,0.000402157
403605579,Graph sorting,0.0589979
403605579,Graph sorting error,0
403605579,Graph neighborhood init,0.0381066
403605579,Graph neighborhood init error,0
403605579,Total execution time,0.713239
403605579,Total execution time error,0
1484267503,DateTime,04-29-2016  14:17:41.
1484267503,Input file,../../data/bipartite_sparse/bi_full_4096_m1280_1_100_uni_2.gr
1484267503,Algorithm,SIA
1484267503,Type,FullBipartite
1484267503,Distribution,Uniform
1484267503,MinCost,1
1484267503,MaxCost,100
1484267503,Edges,1572864
1484267503,Nodes,4096
1484267503,Saturation mean,0.0199394
1484267503,Saturation std,0.00503529
1484267503,Dijkstra executions,31276
1484267503,Iterations,0
1484267503,Total cost,2052
1484267503,Total time,0.101568
1484267503,Total time error,0
1484267503,Process node,4.9326e-05
1484267503,Process node error,0.031966
1484267503,Augment and reset,5.22613e-06
1484267503,Augment and reset error,2.8877e-05
1484267503,Dijkstra,7.79176e-07
1484267503,Dijkstra error,0.000402184
1484267503,Graph sorting,0.0591247
1484267503,Graph sorting error,0
1484267503,Graph neighborhood init,0.0377014
1484267503,Graph neighborhood init error,0
1484267503,Total execution time,0.673529
1484267503,Total execution time error,0
242235906,DateTime,04-29-2016  14:17:44.
242235906,Input file,../../data/bipartite_sparse/bi_full_4096_m1280_1_exp_1.gr
242235906,Algorithm,SIA
242235906,Type,FullBipartite
242235906,Distribution,Exponential
242235906,Lambda,1
242235906,Edges,1572864
242235906,Nodes,4096
242235906,Saturation mean,0.00895564
242235906,Saturation std,0.00362844
242235906,Dijkstra executions,6235
242235906,Iterations,0
242235906,Total cost,3
242235906,Total time,0.227489
242235906,Total time error,0
242235906,Process node,0.000110802
242235906,Process node error,0.000452153
242235906,Augment and reset,4.91429e-06
242235906,Augment and reset error,3.41477e-05
242235906,Dijkstra,3.27557e-05
242235906,Dijkstra error,0.000368695
242235906,Graph sorting,0.0623134
242235906,Graph sorting error,0
242235906,Graph neighborhood init,0.0380845
242235906,Graph neighborhood init error,0
242235906,Total execution time,0.811429
242235906,Total execution time error,0
1028422268,DateTime,04-29-2016  14:17:47.
1028422268,Input file,../../data/bipartite_sparse/bi_full_4096_m1280_1_exp_2.gr
1028422268,Algorithm,SIA
1028422268,Type,FullBipartite
1028422268,Distribution,Exponential
1028422268,Lambda,1
1028422268,Edges,1572864
1028422268,Nodes,4096
1028422268,Saturation mean,0.0102418
1028422268,Saturation std,0.00405434
1028422268,Dijkstra executions,6246
1028422268,Iterations,0
1028422268,Total cost,1
1028422268,Total time,0.223428
1028422268,Total time error,0
1028422268,Process node,0.000108803
1028422268,Process node error,0.000689274
1028422268,Augment and reset,5.02434e-06
1028422268,Augment and reset error,4.63006e-05
1028422268,Dijkstra,3.19544e-05
1028422268,Dijkstra error,0.000389781
1028422268,Graph sorting,0.0622174
1028422268,Graph sorting error,0
1028422268,Graph neighborhood init,0.0381994
1028422268,Graph neighborhood init error,0
1028422268,Total execution time,0.80762
1028422268,Total execution time error,0
1692846491,DateTime,04-29-2016  14:17:49.
1692846491,Input file,../../data/bipartite_sparse/bi_full_4096_m1280_30_10_gauss_1.gr
1692846491,Algorithm,SIA
1692846491,Type,FullBipartite
1692846491,Distribution,Gaussian
1692846491,Mean,30
1692846491,Std,10
1692846491,Edges,1572864
1692846491,Nodes,4096
1692846491,Saturation mean,0.0446974
1692846491,Saturation std,0.00868784
1692846491,Dijkstra executions,70303
1692846491,Iterations,0
1692846491,Total cost,3187
1692846491,Total time,0.207603
1692846491,Total time error,0
1692846491,Process node,0.000101101
1692846491,Process node error,0.0271504
1692846491,Augment and reset,4.31248e-06
1692846491,Augment and reset error,1.37875e-05
1692846491,Dijkstra,3.95371e-07
1692846491,Dijkstra error,0.0010575
1692846491,Graph sorting,0.0617452
1692846491,Graph sorting error,0
1692846491,Graph neighborhood init,0.0386419
1692846491,Graph neighborhood init error,0
1692846491,Total execution time,0.78529
1692846491,Total execution time error,0
391678104,DateTime,04-29-2016  14:17:52.
391678104,Input file,../../data/bipartite_sparse/bi_full_4096_m1280_30_10_gauss_2.gr
391678104,Algorithm,SIA
391678104,Type,FullBipartite
391678104,Distribution,Gaussian
391678104,Mean,30
391678104,Std,10
391678104,Edges,1572864
391678104,Nodes,4096
391678104,Saturation mean,0.0400899
391678104,Saturation std,0.00914998
391678104,Dijkstra executions,63056
391678104,Iterations,0
391678104,Total cost,3170
391678104,Total time,0.195228
391678104,Total time error,0
391678104,Process node,9.50546e-05
391678104,Process node error,0.0349592
391678104,Augment and reset,4.33294e-06
391678104,Augment and reset error,1.4693e-05
391678104,Dijkstra,5.15597e-07
391678104,Dijkstra error,0.000940749
391678104,Graph sorting,0.0618547
391678104,Graph sorting error,0
391678104,Graph neighborhood init,0.0385947
391678104,Graph neighborhood init error,0
391678104,Total execution time,0.772817
391678104,Total execution time error,0
1464067481,DateTime,04-29-2016  14:17:55.
1464067481,Input file,../../data/bipartite_sparse/bi_full_4096_m1536_1_100_uni_1.gr
1464067481,Algorithm,SIA
1464067481,Type,FullBipartite
1464067481,Distribution,Uniform
1464067481,MinCost,1
1464067481,MaxCost,100
1464067481,Edges,1048576
1464067481,Nodes,4096
1464067481,Saturation mean,0.0196161
1464067481,Saturation std,0.00647795
1464067481,Dijkstra executions,20565
1464067481,Iterations,0
1464067481,Total cost,2073
1464067481,Total time,0.0765001
1464067481,Total time error,0
1464067481,Process node,3.70967e-05
1464067481,Process node error,0.0221075
1464067481,Augment and reset,4.66902e-06
1464067481,Augment and reset error,2.22532e-05
1464067481,Dijkstra,9.40508e-07
1464067481,Dijkstra error,0.000371236
1464067481,Graph sorting,0.0378501
1464067481,Graph sorting error,0
1464067481,Graph neighborhood init,0.0253119
1464067481,Graph neighborhood init error,0
1464067481,Total execution time,0.459444
1464067481,Total execution time error,0
29313078,DateTime,04-29-2016  14:17:57.
29313078,Input file,../../data/bipartite_sparse/bi_full_4096_m1536_1_100_uni_2.gr
29313078,Algorithm,SIA
29313078,Type,FullBipartite
29313078,Distribution,Uniform
29313078,MinCost,1
29313078,MaxCost,100
29313078,Edges,1048576
29313078,Nodes,4096
29313078,Saturation mean,0.019474
29313078,Saturation std,0.00650966
29313078,Dijkstra executions,20185
29313078,Iterations,0
29313078,Total cost,2078
29313078,Total time,0.0723913
29313078,Total time error,0
29313078,Process node,3.50699e-05
29313078,Process node error,0.0213567
29313078,Augment and reset,4.44743e-06
29313078,Augment and reset error,1.48417e-05
29313078,Dijkstra,8.76959e-07
29313078,Dijkstra error,0.000370526
29313078,Graph sorting,0.0377862
29313078,Graph sorting error,0
29313078,Graph neighborhood init,0.0252504
29313078,Graph neighborhood init error,0
29313078,Total execution time,0.453567
29313078,Total execution time error,0
460597721,DateTime,04-29-2016  14:17:59.
460597721,Input file,../../data/bipartite_sparse/bi_full_4096_m1536_1_exp_1.gr
460597721,Algorithm,SIA
460597721,Type,FullBipartite
460597721,Distribution,Exponential
460597721,Lambda,1
460597721,Edges,1048576
460597721,Nodes,4096
460597721,Saturation mean,0.0193653
460597721,Saturation std,0.00645751
460597721,Dijkstra executions,15842
460597721,Iterations,0
460597721,Total cost,28
460597721,Total time,0.198477
460597721,Total time error,0
460597721,Process node,9.66463e-05
460597721,Process node error,0.0153131
460597721,Augment and reset,5.15551e-06
460597721,Augment and reset error,3.45545e-05
460597721,Dijkstra,9.76105e-06
460597721,Dijkstra error,0.000544873
460597721,Graph sorting,0.0397111
460597721,Graph sorting error,0
460597721,Graph neighborhood init,0.0257553
460597721,Graph neighborhood init error,0
460597721,Total execution time,0.588938
460597721,Total execution time error,0
1927556090,DateTime,04-29-2016  14:18:01.
1927556090,Input file,../../data/bipartite_sparse/bi_full_4096_m1536_1_exp_2.gr
1927556090,Algorithm,SIA
1927556090,Type,FullBipartite
1927556090,Distribution,Exponential
1927556090,Lambda,1
1927556090,Edges,1048576
1927556090,Nodes,4096
1927556090,Saturation mean,0.0191908
1927556090,Saturation std,0.0064511
1927556090,Dijkstra executions,15624
1927556090,Iterations,0
1927556090,Total cost,21
1927556090,Total time,0.191543
1927556090,Total time error,0
1927556090,Process node,9.32476e-05
1927556090,Process node error,0.0143222
1927556090,Augment and reset,4.99299e-06
1927556090,Augment and reset error,3.19449e-05
1927556090,Dijkstra,9.50018e-06
1927556090,Dijkstra error,0.000529157
1927556090,Graph sorting,0.0397373
1927556090,Graph sorting error,0
1927556090,Graph neighborhood init,0.0256319
1927556090,Graph neighborhood init error,0
1927556090,Total execution time,0.582525
1927556090,Total execution time error,0
2130898714,DateTime,04-29-2016  14:18:03.
2130898714,Input file,../../data/bipartite_sparse/bi_full_4096_m1536_30_10_gauss_1.gr
2130898714,Algorithm,SIA
2130898714,Type,FullBipartite
2130898714,Distribution,Gaussian
2130898714,Mean,30
2130898714,Std,10
2130898714,Edges,1048576
2130898714,Nodes,4096
2130898714,Saturation mean,0.0452681
2130898714,Saturation std,0.0131527
2130898714,Dijkstra executions,47467
2130898714,Iterations,0
2130898714,Total cost,4534
2130898714,Total time,0.148277
2130898714,Total time error,0
2130898714,Process node,7.21336e-05
2130898714,Process node error,0.0179758
2130898714,Augment and reset,4.35779e-06
2130898714,Augment and reset error,1.37753e-05
2130898714,Dijkstra,4.48853e-07
2130898714,Dijkstra error,0.000937833
2130898714,Graph sorting,0.0369854
2130898714,Graph sorting error,0
2130898714,Graph neighborhood init,0.0257498
2130898714,Graph neighborhood init error,0
2130898714,Total execution time,0.52975
2130898714,Total execution time error,0
81466097,DateTime,04-29-2016  14:18:05.
81466097,Input file,../../data/bipartite_sparse/bi_full_4096_m1536_30_10_gauss_2.gr
81466097,Algorithm,SIA
81466097,Type,FullBipartite
81466097,Distribution,Gaussian
81466097,Mean,30
81466097,Std,10
81466097,Edges,1048576
81466097,Nodes,4096
81466097,Saturation mean,0.067193
81466097,Saturation std,0.0134744
81466097,Dijkstra executions,70457
81466097,Iterations,0
81466097,Total cost,4769
81466097,Total time,0.196416
81466097,Total time error,0
81466097,Process node,9.56553e-05
81466097,Process node error,0.0296364
81466097,Augment and reset,4.31053e-06
81466097,Augment and reset error,1.17024e-05
81466097,Dijkstra,3.38926e-07
81466097,Dijkstra error,0.00110169
81466097,Graph sorting,0.036991
81466097,Graph sorting error,0
81466097,Graph neighborhood init,0.0257594
81466097,Graph neighborhood init error,0
81466097,Total execution time,0.579531
81466097,Total execution time error,0
823727867,DateTime,04-29-2016  14:18:06.
823727867,Input file,../../data/bipartite_sparse/bi_full_4096_m1792_1_100_uni_1.gr
823727867,Algorithm,SIA
823727867,Type,FullBipartite
823727867,Distribution,Uniform
823727867,MinCost,1
823727867,MaxCost,100
823727867,Edges,524288
823727867,Nodes,4096
823727867,Saturation mean,0.0599918
823727867,Saturation std,0.0154501
823727867,Dijkstra executions,31453
823727867,Iterations,0
823727867,Total cost,2512
823727867,Total time,0.11113
823727867,Total time error,0
823727867,Process node,5.39909e-05
823727867,Process node error,0.0112713
823727867,Augment and reset,4.29969e-06
823727867,Augment and reset error,1.27053e-05
823727867,Dijkstra,8.85617e-07
823727867,Dijkstra error,0.000783661
823727867,Graph sorting,0.0175108
823727867,Graph sorting error,0
823727867,Graph neighborhood init,0.014186
823727867,Graph neighborhood init error,0
823727867,Total execution time,0.313764
823727867,Total execution time error,0
666766652,DateTime,04-29-2016  14:18:07.
666766652,Input file,../../data/bipartite_sparse/bi_full_4096_m1792_1_100_uni_2.gr
666766652,Algorithm,SIA
666766652,Type,FullBipartite
666766652,Distribution,Uniform
666766652,MinCost,1
666766652,MaxCost,100
666766652,Edges,524288
666766652,Nodes,4096
666766652,Saturation mean,0.0599194
666766652,Saturation std,0.0148758
666766652,Dijkstra executions,31415
666766652,Iterations,0
666766652,Total cost,2484
666766652,Total time,0.108504
666766652,Total time error,0
666766652,Process node,5.26984e-05
666766652,Process node error,0.0122289
666766652,Augment and reset,4.34176e-06
666766652,Augment and reset error,1.25052e-05
666766652,Dijkstra,7.63484e-07
666766652,Dijkstra error,0.000777668
666766652,Graph sorting,0.0175196
666766652,Graph sorting error,0
666766652,Graph neighborhood init,0.0141493
666766652,Graph neighborhood init error,0
666766652,Total execution time,0.310096
666766652,Total execution time error,0
978040561,DateTime,04-29-2016  14:18:08.
978040561,Input file,../../data/bipartite_sparse/bi_full_4096_m1792_1_exp_1.gr
978040561,Algorithm,SIA
978040561,Type,FullBipartite
978040561,Distribution,Exponential
978040561,Lambda,1
978040561,Edges,524288
978040561,Nodes,4096
978040561,Saturation mean,0.0491295
978040561,Saturation std,0.0132433
978040561,Dijkstra executions,25757
978040561,Iterations,0
978040561,Total cost,382
978040561,Total time,0.103624
978040561,Total time error,0
978040561,Process node,5.03254e-05
978040561,Process node error,0.0104758
978040561,Augment and reset,4.29319e-06
978040561,Augment and reset error,1.59149e-05
978040561,Dijkstra,1.26983e-06
978040561,Dijkstra error,0.000723746
978040561,Graph sorting,0.018041
978040561,Graph sorting error,0
978040561,Graph neighborhood init,0.0143271
978040561,Graph neighborhood init error,0
978040561,Total execution time,0.3089
978040561,Total execution time error,0
1090769262,DateTime,04-29-2016  14:18:09.
1090769262,Input file,../../data/bipartite_sparse/bi_full_4096_m1792_1_exp_2.gr
1090769262,Algorithm,SIA
1090769262,Type,FullBipartite
1090769262,Distribution,Exponential
1090769262,Lambda,1
1090769262,Edges,524288
1090769262,Nodes,4096
1090769262,Saturation mean,0.0673409
1090769262,Saturation std,0.0168224
1090769262,Dijkstra executions,35299
1090769262,Iterations,0
1090769262,Total cost,433
1090769262,Total time,0.130176
1090769262,Total time error,0
1090769262,Process node,6.32835e-05
1090769262,Process node error,0.0177439
1090769262,Augment and reset,4.30198e-06
1090769262,Augment and reset error,1.22909e-05
1090769262,Dijkstra,1.07892e-06
1090769262,Dijkstra error,0.000818143
1090769262,Graph sorting,0.0181091
1090769262,Graph sorting error,0
1090769262,Graph neighborhood init,0.0141314
1090769262,Graph neighborhood init error,0
1090769262,Total execution time,0.336275
1090769262,Total execution time error,0
1926252491,DateTime,04-29-2016  14:18:10.
1926252491,Input file,../../data/bipartite_sparse/bi_full_4096_m1792_30_10_gauss_1.gr
1926252491,Algorithm,SIA
1926252491,Type,FullBipartite
1926252491,Distribution,Gaussian
1926252491,Mean,30
1926252491,Std,10
1926252491,Edges,524288
1926252491,Nodes,4096
1926252491,Saturation mean,0.121727
1926252491,Saturation std,0.0365621
1926252491,Dijkstra executions,63820
1926252491,Iterations,0
1926252491,Total cost,7936
1926252491,Total time,0.189004
1926252491,Total time error,0
1926252491,Process node,9.20143e-05
1926252491,Process node error,0.018165
1926252491,Augment and reset,4.39623e-06
1926252491,Augment and reset error,1.47867e-05
1926252491,Dijkstra,3.72358e-07
1926252491,Dijkstra error,0.0010864
1926252491,Graph sorting,0.0163939
1926252491,Graph sorting error,0
1926252491,Graph neighborhood init,0.0141956
1926252491,Graph neighborhood init error,0
1926252491,Total execution time,0.390006
1926252491,Total execution time error,0
1073837556,DateTime,04-29-2016  14:18:11.
1073837556,Input file,../../data/bipartite_sparse/bi_full_4096_m1792_30_10_gauss_2.gr
1073837556,Algorithm,SIA
1073837556,Type,FullBipartite
1073837556,Distribution,Gaussian
1073837556,Mean,30
1073837556,Std,10
1073837556,Edges,524288
1073837556,Nodes,4096
1073837556,Saturation mean,0.160275
1073837556,Saturation std,0.0301884
1073837556,Dijkstra executions,84030
1073837556,Iterations,0
1073837556,Total cost,7887
1073837556,Total time,0.224981
1073837556,Total time error,0
1073837556,Process node,0.000109589
1073837556,Process node error,0.0633667
1073837556,Augment and reset,4.3665e-06
1073837556,Augment and reset error,1.40134e-05
1073837556,Dijkstra,3.36144e-07
1073837556,Dijkstra error,0.00106511
1073837556,Graph sorting,0.0164636
1073837556,Graph sorting error,0
1073837556,Graph neighborhood init,0.0141498
1073837556,Graph neighborhood init error,0
1073837556,Total execution time,0.42607
1073837556,Total execution time error,0
1064209119,DateTime,04-29-2016  14:18:14.
1064209119,Input file,../../data/bipartite_sparse/bi_full_4096_m256_1_100_uni_1.gr
1064209119,Algorithm,SIA
1064209119,Type,FullBipartite
1064209119,Distribution,Uniform
1064209119,MinCost,1
1064209119,MaxCost,100
1064209119,Edges,3670016
1064209119,Nodes,4096
1064209119,Saturation mean,0.00693512
1064209119,Saturation std,0.00392813
1064209119,Dijkstra executions,17377
1064209119,Iterations,0
1064209119,Total cost,2048
1064209119,Total time,0.220915
1064209119,Total time error,0
1064209119,Process node,0.000107596
1064209119,Process node error,0.000714673
1064209119,Augment and reset,4.69014e-06
1064209119,Augment and reset error,1.71417e-05
1064209119,Dijkstra,1.02142e-05
1064209119,Dijkstra error,0.000467607
1064209119,Graph sorting,0.159007
1064209119,Graph sorting error,0
1064209119,Graph neighborhood init,0.0877836
1064209119,Graph neighborhood init error,0
1064209119,Total execution time,1.54499
1064209119,Total execution time error,0
810242335,DateTime,04-29-2016  14:18:20.
810242335,Input file,../../data/bipartite_sparse/bi_full_4096_m256_1_100_uni_2.gr
810242335,Algorithm,SIA
810242335,Type,FullBipartite
810242335,Distribution,Uniform
810242335,MinCost,1
810242335,MaxCost,100
810242335,Edges,3670016
810242335,Nodes,4096
810242335,Saturation mean,0.00646564
810242335,Saturation std,0.00391637
810242335,Dijkstra executions,14736
810242335,Iterations,0
810242335,Total cost,2048
810242335,Total time,0.212071
810242335,Total time error,0
810242335,Process node,0.000103285
810242335,Process node error,0.000445686
810242335,Augment and reset,4.7153e-06
810242335,Augment and reset error,1.34627e-05
810242335,Dijkstra,1.17091e-05
810242335,Dijkstra error,0.000456751
810242335,Graph sorting,0.159195
810242335,Graph sorting error,0
810242335,Graph neighborhood init,0.0869799
810242335,Graph neighborhood init error,0
810242335,Total execution time,1.53942
810242335,Total execution time error,0
859838258,DateTime,04-29-2016  14:18:25.
859838258,Input file,../../data/bipartite_sparse/bi_full_4096_m256_1_exp_1.gr
859838258,Algorithm,SIA
859838258,Type,FullBipartite
859838258,Distribution,Exponential
859838258,Lambda,1
859838258,Edges,3670016
859838258,Nodes,4096
859838258,Saturation mean,0.00692913
859838258,Saturation std,0.00326298
859838258,Dijkstra executions,7041
859838258,Iterations,0
859838258,Total cost,0
859838258,Total time,0.334833
859838258,Total time error,0
859838258,Process node,0.000163211
859838258,Process node error,0.000455518
859838258,Augment and reset,4.94872e-06
859838258,Augment and reset error,3.79655e-05
859838258,Dijkstra,4.36987e-05
859838258,Dijkstra error,0.000431831
859838258,Graph sorting,0.161619
859838258,Graph sorting error,0
859838258,Graph neighborhood init,0.0865375
859838258,Graph neighborhood init error,0
859838258,Total execution time,1.68571
859838258,Total execution time error,0
1318729462,DateTime,04-29-2016  14:18:32.
1318729462,Input file,../../data/bipartite_sparse/bi_full_4096_m256_1_exp_2.gr
1318729462,Algorithm,SIA
1318729462,Type,FullBipartite
1318729462,Distribution,Exponential
1318729462,Lambda,1
1318729462,Edges,3670016
1318729462,Nodes,4096
1318729462,Saturation mean,0.00777136
1318729462,Saturation std,0.00330943
1318729462,Dijkstra executions,6980
1318729462,Iterations,0
1318729462,Total cost,0
1318729462,Total time,0.34147
1318729462,Total time error,0
1318729462,Process node,0.000166435
1318729462,Process node error,0.000988447
1318729462,Augment and reset,4.91338e-06
1318729462,Augment and reset error,3.55246e-05
1318729462,Dijkstra,4.49518e-05
1318729462,Dijkstra error,0.000457847
1318729462,Graph sorting,0.161963
1318729462,Graph sorting error,0
1318729462,Graph neighborhood init,0.086875
1318729462,Graph neighborhood init error,0
1318729462,Total execution time,1.69394
1318729462,Total execution time error,0
1578691420,DateTime,04-29-2016  14:18:38.
1578691420,Input file,../../data/bipartite_sparse/bi_full_4096_m256_30_10_gauss_1.gr
1578691420,Algorithm,SIA
1578691420,Type,FullBipartite
1578691420,Distribution,Gaussian
1578691420,Mean,30
1578691420,Std,10
1578691420,Edges,3670016
1578691420,Nodes,4096
1578691420,Saturation mean,0.0103275
1578691420,Saturation std,0.00264688
1578691420,Dijkstra executions,37901
1578691420,Iterations,0
1578691420,Total cost,1062
1578691420,Total time,0.128353
1578691420,Total time error,0
1578691420,Process node,6.24046e-05
1578691420,Process node error,0.0251362
1578691420,Augment and reset,4.28952e-06
1578691420,Augment and reset error,2.28464e-05
1578691420,Dijkstra,6.23674e-07
1578691420,Dijkstra error,0.000731148
1578691420,Graph sorting,0.190357
1578691420,Graph sorting error,0
1578691420,Graph neighborhood init,0.0864069
1578691420,Graph neighborhood init error,0
1578691420,Total execution time,1.4869
1578691420,Total execution time error,0
63528681,DateTime,04-29-2016  14:18:44.
63528681,Input file,../../data/bipartite_sparse/bi_full_4096_m256_30_10_gauss_2.gr
63528681,Algorithm,SIA
63528681,Type,FullBipartite
63528681,Distribution,Gaussian
63528681,Mean,30
63528681,Std,10
63528681,Edges,3670016
63528681,Nodes,4096
63528681,Saturation mean,0.0101689
63528681,Saturation std,0.00260421
63528681,Dijkstra executions,37320
63528681,Iterations,0
63528681,Total cost,1065
63528681,Total time,0.128911
63528681,Total time error,0
63528681,Process node,6.268e-05
63528681,Process node error,0.0182648
63528681,Augment and reset,4.2897e-06
63528681,Augment and reset error,1.28853e-05
63528681,Dijkstra,5.98373e-07
63528681,Dijkstra error,0.000758415
63528681,Graph sorting,0.190431
63528681,Graph sorting error,0
63528681,Graph neighborhood init,0.0867679
63528681,Graph neighborhood init error,0
63528681,Total execution time,1.49401
63528681,Total execution time error,0
1011742384,DateTime,04-29-2016  14:18:50.
1011742384,Input file,../../data/bipartite_sparse/bi_full_4096_m512_1_100_uni_1.gr
1011742384,Algorithm,SIA
1011742384,Type,FullBipartite
1011742384,Distribution,Uniform
1011742384,MinCost,1
1011742384,MaxCost,100
1011742384,Edges,3145728
1011742384,Nodes,4096
1011742384,Saturation mean,0.00721169
1011742384,Saturation std,0.00398965
1011742384,Dijkstra executions,17889
1011742384,Iterations,0
1011742384,Total cost,2048
1011742384,Total time,0.225745
1011742384,Total time error,0
1011742384,Process node,0.000109944
1011742384,Process node error,0.000700156
1011742384,Augment and reset,4.6853e-06
1011742384,Augment and reset error,1.61847e-05
1011742384,Dijkstra,1.00812e-05
1011742384,Dijkstra error,0.000457259
1011742384,Graph sorting,0.131791
1011742384,Graph sorting error,0
1011742384,Graph neighborhood init,0.077538
1011742384,Graph neighborhood init error,0
1011742384,Total execution time,1.37008
1011742384,Total execution time error,0
1255631122,DateTime,04-29-2016  14:18:55.
1255631122,Input file,../../data/bipartite_sparse/bi_full_4096_m512_1_100_uni_2.gr
1255631122,Algorithm,SIA
1255631122,Type,FullBipartite
1255631122,Distribution,Uniform
1255631122,MinCost,1
1255631122,MaxCost,100
1255631122,Edges,3145728
1255631122,Nodes,4096
1255631122,Saturation mean,0.00721995
1255631122,Saturation std,0.00402157
1255631122,Dijkstra executions,19346
1255631122,Iterations,0
1255631122,Total cost,2048
1255631122,Total time,0.189018
1255631122,Total time error,0
1255631122,Process node,9.20286e-05
1255631122,Process node error,0.00284899
1255631122,Augment and reset,4.59097e-06
1255631122,Augment and reset error,1.52821e-05
1255631122,Dijkstra,7.37994e-06
1255631122,Dijkstra error,0.000455612
1255631122,Graph sorting,0.131646
1255631122,Graph sorting error,0
1255631122,Graph neighborhood init,0.0745769
1255631122,Graph neighborhood init error,0
1255631122,Total execution time,1.33244
1255631122,Total execution time error,0
1106618548,DateTime,04-29-2016  14:19:00.
1106618548,Input file,../../data/bipartite_sparse/bi_full_4096_m512_1_exp_1.gr
1106618548,Algorithm,SIA
1106618548,Type,FullBipartite
1106618548,Distribution,Exponential
1106618548,Lambda,1
1106618548,Edges,3145728
1106618548,Nodes,4096
1106618548,Saturation mean,0.00746123
1106618548,Saturation std,0.00333674
1106618548,Dijkstra executions,6900
1106618548,Iterations,0
1106618548,Total cost,0
1106618548,Total time,0.317214
1106618548,Total time error,0
1106618548,Process node,0.00015461
1106618548,Process node error,0.000604873
1106618548,Augment and reset,4.97773e-06
1106618548,Augment and reset error,3.37122e-05
1106618548,Dijkstra,4.20355e-05
1106618548,Dijkstra error,0.000442624
1106618548,Graph sorting,0.135831
1106618548,Graph sorting error,0
1106618548,Graph neighborhood init,0.0778954
1106618548,Graph neighborhood init error,0
1106618548,Total execution time,1.48832
1106618548,Total execution time error,0
1444519220,DateTime,04-29-2016  14:19:05.
1444519220,Input file,../../data/bipartite_sparse/bi_full_4096_m512_1_exp_2.gr
1444519220,Algorithm,SIA
1444519220,Type,FullBipartite
1444519220,Distribution,Exponential
1444519220,Lambda,1
1444519220,Edges,3145728
1444519220,Nodes,4096
1444519220,Saturation mean,0.00726954
1444519220,Saturation std,0.00327276
1444519220,Dijkstra executions,6913
1444519220,Iterations,0
1444519220,Total cost,0
1444519220,Total time,0.318891
1444519220,Total time error,0
1444519220,Process node,0.000155416
1444519220,Process node error,0.000554359
1444519220,Augment and reset,5.03726e-06
1444519220,Augment and reset error,4.06797e-05
1444519220,Dijkstra,4.21291e-05
1444519220,Dijkstra error,0.000410184
1444519220,Graph sorting,0.135771
1444519220,Graph sorting error,0
1444519220,Graph neighborhood init,0.07537
1444519220,Graph neighborhood init error,0
1444519220,Total execution time,1.48362
1444519220,Total execution time error,0
809019094,DateTime,04-29-2016  14:19:11.
809019094,Input file,../../data/bipartite_sparse/bi_full_4096_m512_30_10_gauss_1.gr
809019094,Algorithm,SIA
809019094,Type,FullBipartite
809019094,Distribution,Gaussian
809019094,Mean,30
809019094,Std,10
809019094,Edges,3145728
809019094,Nodes,4096
809019094,Saturation mean,0.0189753
809019094,Saturation std,0.0042626
809019094,Dijkstra executions,59691
809019094,Iterations,0
809019094,Total cost,1387
809019094,Total time,0.183853
809019094,Total time error,0
809019094,Process node,8.94842e-05
809019094,Process node error,0.0293362
809019094,Augment and reset,4.31027e-06
809019094,Augment and reset error,2.67247e-05
809019094,Dijkstra,4.32857e-07
809019094,Dijkstra error,0.001001
809019094,Graph sorting,0.154291
809019094,Graph sorting error,0
809019094,Graph neighborhood init,0.0758618
809019094,Graph neighborhood init error,0
809019094,Total execution time,1.35483
809019094,Total execution time error,0
910587001,DateTime,04-29-2016  14:19:16.
910587001,Input file,../../data/bipartite_sparse/bi_full_4096_m512_30_10_gauss_2.gr
910587001,Algorithm,SIA
910587001,Type,FullBipartite
910587001,Distribution,Gaussian
910587001,Mean,30
910587001,Std,10
910587001,Edges,3145728
910587001,Nodes,4096
910587001,Saturation mean,0.0139058
910587001,Saturation std,0.00312697
910587001,Dijkstra executions,43743
910587001,Iterations,0
910587001,Total cost,1317
910587001,Total time,0.143177
910587001,Total time error,0
910587001,Process node,6.96445e-05
910587001,Process node error,0.021706
910587001,Augment and reset,4.32501e-06
910587001,Augment and reset error,1.9149e-05
910587001,Dijkstra,5.75825e-07
910587001,Dijkstra error,0.000889859
910587001,Graph sorting,0.154666
910587001,Graph sorting error,0
910587001,Graph neighborhood init,0.0772942
910587001,Graph neighborhood init error,0
910587001,Total execution time,1.31541
910587001,Total execution time error,0
2078910936,DateTime,04-29-2016  14:19:22.
2078910936,Input file,../../data/bipartite_sparse/bi_full_4096_m768_1_100_uni_1.gr
2078910936,Algorithm,SIA
2078910936,Type,FullBipartite
2078910936,Distribution,Uniform
2078910936,MinCost,1
2078910936,MaxCost,100
2078910936,Edges,2621440
2078910936,Nodes,4096
2078910936,Saturation mean,0.00788498
2078910936,Saturation std,0.00409438
2078910936,Dijkstra executions,17985
2078910936,Iterations,0
2078910936,Total cost,2048
2078910936,Total time,0.195974
2078910936,Total time error,0
2078910936,Process node,9.54168e-05
2078910936,Process node error,0.00150499
2078910936,Augment and reset,4.64726e-06
2078910936,Augment and reset error,2.16789e-05
2078910936,Dijkstra,8.38364e-06
2078910936,Dijkstra error,0.000450139
2078910936,Graph sorting,0.106221
2078910936,Graph sorting error,0
2078910936,Graph neighborhood init,0.0658871
2078910936,Graph neighborhood init error,0
2078910936,Total execution time,1.16256
2078910936,Total execution time error,0
1180001701,DateTime,04-29-2016  14:19:26.
1180001701,Input file,../../data/bipartite_sparse/bi_full_4096_m768_1_100_uni_2.gr
1180001701,Algorithm,SIA
1180001701,Type,FullBipartite
1180001701,Distribution,Uniform
1180001701,MinCost,1
1180001701,MaxCost,100
1180001701,Edges,2621440
1180001701,Nodes,4096
1180001701,Saturation mean,0.00766296
1180001701,Saturation std,0.00400327
1180001701,Dijkstra executions,14474
1180001701,Iterations,0
1180001701,Total cost,2048
1180001701,Total time,0.16821
1180001701,Total time error,0
1180001701,Process node,8.1847e-05
1180001701,Process node error,0.00135676
1180001701,Augment and reset,4.46976e-06
1180001701,Augment and reset error,1.77733e-05
1180001701,Dijkstra,8.99576e-06
1180001701,Dijkstra error,0.000459119
1180001701,Graph sorting,0.10613
1180001701,Graph sorting error,0
1180001701,Graph neighborhood init,0.0655111
1180001701,Graph neighborhood init error,0
1180001701,Total execution time,1.13208
1180001701,Total execution time error,0
1269112600,DateTime,04-29-2016  14:19:30.
1269112600,Input file,../../data/bipartite_sparse/bi_full_4096_m768_1_exp_1.gr
1269112600,Algorithm,SIA
1269112600,Type,FullBipartite
1269112600,Distribution,Exponential
1269112600,Lambda,1
1269112600,Edges,2621440
1269112600,Nodes,4096
1269112600,Saturation mean,0.00737305
1269112600,Saturation std,0.00328748
1269112600,Dijkstra executions,6704
1269112600,Iterations,0
1269112600,Total cost,0
1269112600,Total time,0.296163
1269112600,Total time error,0
1269112600,Process node,0.000144332
1269112600,Process node error,0.00038262
1269112600,Augment and reset,4.82737e-06
1269112600,Augment and reset error,3.60246e-05
1269112600,Dijkstra,4.04644e-05
1269112600,Dijkstra error,0.000398212
1269112600,Graph sorting,0.110613
1269112600,Graph sorting error,0
1269112600,Graph neighborhood init,0.065536
1269112600,Graph neighborhood init error,0
1269112600,Total execution time,1.27946
1269112600,Total execution time error,0
643024283,DateTime,04-29-2016  14:19:35.
643024283,Input file,../../data/bipartite_sparse/bi_full_4096_m768_1_exp_2.gr
643024283,Algorithm,SIA
643024283,Type,FullBipartite
643024283,Distribution,Exponential
643024283,Lambda,1
643024283,Edges,2621440
643024283,Nodes,4096
643024283,Saturation mean,0.0073288
643024283,Saturation std,0.00333218
643024283,Dijkstra executions,6758
643024283,Iterations,0
643024283,Total cost,0
643024283,Total time,0.289251
643024283,Total time error,0
643024283,Process node,0.000140939
643024283,Process node error,0.000508405
643024283,Augment and reset,4.90586e-06
643024283,Augment and reset error,3.60632e-05
643024283,Dijkstra,3.89838e-05
643024283,Dijkstra error,0.000386989
643024283,Graph sorting,0.110628
643024283,Graph sorting error,0
643024283,Graph neighborhood init,0.0632125
643024283,Graph neighborhood init error,0
643024283,Total execution time,1.27394
643024283,Total execution time error,0
2040404414,DateTime,04-29-2016  14:19:39.
2040404414,Input file,../../data/bipartite_sparse/bi_full_4096_m768_30_10_gauss_1.gr
2040404414,Algorithm,SIA
2040404414,Type,FullBipartite
2040404414,Distribution,Gaussian
2040404414,Mean,30
2040404414,Std,10
2040404414,Edges,2621440
2040404414,Nodes,4096
2040404414,Saturation mean,0.0226131
2040404414,Saturation std,0.00493027
2040404414,Dijkstra executions,59279
2040404414,Iterations,0
2040404414,Total cost,1691
2040404414,Total time,0.183225
2040404414,Total time error,0
2040404414,Process node,8.92186e-05
2040404414,Process node error,0.0250606
2040404414,Augment and reset,4.29145e-06
2040404414,Augment and reset error,1.64794e-05
2040404414,Dijkstra,4.72259e-07
2040404414,Dijkstra error,0.000970324
2040404414,Graph sorting,0.121068
2040404414,Graph sorting error,0
2040404414,Graph neighborhood init,0.0661369
2040404414,Graph neighborhood init error,0
2040404414,Total execution time,1.16535
2040404414,Total execution time error,0
1606744186,DateTime,04-29-2016  14:19:44.
1606744186,Input file,../../data/bipartite_sparse/bi_full_4096_m768_30_10_gauss_2.gr
1606744186,Algorithm,SIA
1606744186,Type,FullBipartite
1606744186,Distribution,Gaussian
1606744186,Mean,30
1606744186,Std,10
1606744186,Edges,2621440
1606744186,Nodes,4096
1606744186,Saturation mean,0.0223141
1606744186,Saturation std,0.00447444
1606744186,Dijkstra executions,58495
1606744186,Iterations,0
1606744186,Total cost,1808
1606744186,Total time,0.179444
1606744186,Total time error,0
1606744186,Process node,8.73688e-05
1606744186,Process node error,0.0461993
1606744186,Augment and reset,4.27107e-06
1606744186,Augment and reset error,1.1961e-05
1606744186,Dijkstra,4.62662e-07
1606744186,Dijkstra error,0.000876543
1606744186,Graph sorting,0.121153
1606744186,Graph sorting error,0
1606744186,Graph neighborhood init,0.065623
1606744186,Graph neighborhood init error,0
1606744186,Total execution time,1.16018
1606744186,Total execution time error,0
